#
# A fatal error has been detected by the Java Runtime Environment:
#
#  EXCEPTION_ACCESS_VIOLATION (0xc0000005) at pc=0x00007ff9e1737d81, pid=16848, tid=6900
#
# JRE version: OpenJDK Runtime Environment Corretto-23.0.2.7.1 (23.0.2+7) (build 23.0.2+7-FR)
# Java VM: OpenJDK 64-Bit Server VM Corretto-23.0.2.7.1 (23.0.2+7-FR, mixed mode, sharing, tiered, compressed oops, compressed class ptrs, g1 gc, windows-amd64)
# Problematic frame:
# V  [jvm.dll+0x327d81]
#
# No core dump will be written. Minidumps are not enabled by default on client versions of Windows
#
# If you would like to submit a bug report, please visit:
#   https://github.com/corretto/corretto-23/issues/
#

---------------  S U M M A R Y ------------

Command Line: --add-opens=java.base/java.lang=ALL-UNNAMED --add-opens=java.base/java.lang.invoke=ALL-UNNAMED --add-opens=java.base/java.util=ALL-UNNAMED --add-opens=java.prefs/java.util.prefs=ALL-UNNAMED --add-exports=jdk.compiler/com.sun.tools.javac.api=ALL-UNNAMED --add-exports=jdk.compiler/com.sun.tools.javac.util=ALL-UNNAMED --add-opens=java.base/java.util=ALL-UNNAMED --add-opens=java.prefs/java.util.prefs=ALL-UNNAMED --add-opens=java.base/java.nio.charset=ALL-UNNAMED --add-opens=java.base/java.net=ALL-UNNAMED --add-opens=java.base/java.util.concurrent.atomic=ALL-UNNAMED --add-opens=java.xml/javax.xml.namespace=ALL-UNNAMED -Xmx3G -Dfile.encoding=UTF-8 -Duser.country=US -Duser.language=en -Duser.variant -javaagent:C:\Users\kkeip\.gradle\wrapper\dists\gradle-8.14.4-bin\92wwslzcyst3phie3o264zltu\gradle-8.14.4\lib\agents\gradle-instrumentation-agent-8.14.4.jar org.gradle.launcher.daemon.bootstrap.GradleDaemon 8.14.4

Host: AMD Ryzen 7 7800X3D 8-Core Processor           , 16 cores, 31G,  Windows 11 , 64 bit Build 26100 (10.0.26100.8521)
Time: Mon Jun 15 14:17:33 2026 Mountain Daylight Time elapsed time: 2441.588503 seconds (0d 0h 40m 41s)

---------------  T H R E A D  ---------------

Current thread (0x000001772eb02170):  WorkerThread "GC Thread#4"    [id=6900, stack(0x0000003b48000000,0x0000003b48100000) (1024K)]

Stack: [0x0000003b48000000,0x0000003b48100000],  sp=0x0000003b480ff5a8,  free space=1021k
Native frames: (J=compiled Java code, j=interpreted, Vv=VM code, C=native code)
V  [jvm.dll+0x327d81]  (no source info available)


siginfo: EXCEPTION_ACCESS_VIOLATION (0xc0000005), reading address 0x00000000000100ff


Registers:
RAX=0x000000000000ffff, RBX=0x0000000000000009, RCX=0x0000017730c4c910, RDX=0x00000007f79e6978
RSP=0x0000003b480ff5a8, RBP=0x0000003b480ff620, RSI=0x0000003b480ff6d0, RDI=0x00000007f79e6978
R8 =0x0000017730c4c910, R9 =0x0000000000000000, R10=0x00000007f79e6978, R11=0x0000003b480ff620
R12=0x0000000000000000, R13=0x0000017730c4c910, R14=0x0000000000001c3a, R15=0x00000177770170f0
RIP=0x00007ff9e1737d81, EFLAGS=0x0000000000010246


Register to memory mapping:

RAX=0x000000000000ffff is an unknown value
RBX=0x0000000000000009 is an unknown value
RCX=0x0000017730c4c910 is pointing into metadata
RDX=
[error occurred during error reporting (printing register info), id 0xc0000005, EXCEPTION_ACCESS_VIOLATION (0xc0000005) at pc=0x00007ff9e1737d81]
RSP=0x0000003b480ff5a8 points into unknown readable memory: 0x00007ff9e177c298 | 98 c2 77 e1 f9 7f 00 00
RBP=0x0000003b480ff620 points into unknown readable memory: 0x0000000000000040 | 40 00 00 00 00 00 00 00
RSI=0x0000003b480ff6d0 points into unknown readable memory: 0x0000017777000001 | 01 00 00 77 77 01 00 00
RDI=
[error occurred during error reporting (printing register info, attempt 2), id 0xc0000005, EXCEPTION_ACCESS_VIOLATION (0xc0000005) at pc=0x00007ff9e1737d81]
R8 =0x0000017730c4c910 is pointing into metadata
R9 =0x0 is null
R10=
[error occurred during error reporting (printing register info, attempt 3), id 0xc0000005, EXCEPTION_ACCESS_VIOLATION (0xc0000005) at pc=0x00007ff9e1737d81]
Top of Stack: (sp=0x0000003b480ff5a8)
0x0000003b480ff5a8:   00007ff9e177c298 0000000000000001
0x0000003b480ff5b8:   00000007f79e6930 0000003b480ff620
0x0000003b480ff5c8:   00000007f79e6898 0000000000000001
0x0000003b480ff5d8:   0000000000000000 0000000748000100
0x0000003b480ff5e8:   00007ff9e177a835 0000003b48000001
0x0000003b480ff5f8:   00007ff9e177d981 0000000000000000
0x0000003b480ff608:   0000000000000009 000001777ae09fb0
0x0000003b480ff618:   00007ff9e177adeb 0000000000000040
0x0000003b480ff628:   000001772e4cfda0 0000000000000000
0x0000003b480ff638:   0000000748a80084 0000003b480ff719
0x0000003b480ff648:   00007ff9e177d981 0000000000001c3b
0x0000003b480ff658:   0000003b480ff6d0 00000177770170f0
0x0000003b480ff668:   000001770f17af00 0000000000000100
0x0000003b480ff678:   00007ff9e15566c2 0000017727be0c40
0x0000003b480ff688:   0000000000000000 000000077a6335f8
0x0000003b480ff698:   00007ff9e177c765 0000017777017138
0x0000003b480ff6a8:   00007ff9e1b4734f 0000000777cc03a8
0x0000003b480ff6b8:   000000077b060460 0000017779160238
0x0000003b480ff6c8:   00007ff9e1afc3ff 0000017777000001
0x0000003b480ff6d8:   00007ff9e1782081 0000ff007700ff00
0x0000003b480ff6e8:   0000017776b15448 0000000748f5ff00
0x0000003b480ff6f8:   00007ff9e17831bd 0000000748f5d0c0
0x0000003b480ff708:   00007ff9e17831bd 0000003b480ff950
0x0000003b480ff718:   00007ff9e1afc3ff 0000003b480ff7a0
0x0000003b480ff728:   00007ff9e1783f6d 0000000748f5d204
0x0000003b480ff738:   00007ff9e178ff00 0000000748f5cc00
0x0000003b480ff748:   00000000000000c0 0000000000000003
0x0000003b480ff758:   0000003b480ff950 0000000000000047
0x0000003b480ff768:   00000177770170f0 0000000748f5d208
0x0000003b480ff778:   00007ff9e1779d6e 0000000748f5d200
0x0000003b480ff788:   0000000748f5d200 0000000748000001
0x0000003b480ff798:   00000000000000c0 00000005af4bca65 

Instructions: (pc=0x00007ff9e1737d81)
0x00007ff9e1737c81:   46 18 00 00 00 00 48 83 c4 20 41 5e c3 cc cc 48
0x00007ff9e1737c91:   83 ec 28 0f b6 41 38 4c 8d 4c 24 30 48 8b 0d 94
0x00007ff9e1737ca1:   61 9a 00 88 44 24 31 c6 44 24 30 00 0f b7 44 24
0x00007ff9e1737cb1:   30 66 89 44 24 30 c6 44 24 32 00 e8 2f 1d 01 00
0x00007ff9e1737cc1:   48 83 c4 28 c3 cc cc cc cc cc cc cc cc cc cc 48
0x00007ff9e1737cd1:   8b 0d 61 61 9a 00 e9 d4 1d 01 00 cc cc cc cc 48
0x00007ff9e1737ce1:   8b 42 10 48 2b 02 ff 41 10 48 89 41 18 48 89 51
0x00007ff9e1737cf1:   08 c3 cc cc cc cc cc cc cc cc cc cc cc cc cc 48
0x00007ff9e1737d01:   89 0d 31 61 9a 00 48 89 15 22 61 9a 00 c3 cc 4c
0x00007ff9e1737d11:   8b c2 48 8b d1 45 8b 48 08 45 85 c9 7e 0e 41 f6
0x00007ff9e1737d21:   c1 01 75 56 41 c1 f9 03 49 63 c1 c3 79 4c 80 3d
0x00007ff9e1737d31:   44 cf 93 00 00 b8 0c 00 00 00 b9 10 00 00 00 0f
0x00007ff9e1737d41:   45 c8 8b 05 8f cd 93 00 ff c8 4c 63 c0 41 8b c1
0x00007ff9e1737d51:   48 c1 f8 10 48 63 14 11 41 8b c9 83 e1 3f 0f b6
0x00007ff9e1737d61:   c0 48 d3 e2 49 8d 0c 10 49 f7 d0 48 03 c1 49 c1
0x00007ff9e1737d71:   e8 03 48 c1 e8 03 49 23 c0 c3 49 8b 00 49 8b c8
0x00007ff9e1737d81:   48 ff a0 00 01 00 00 cc cc cc cc cc cc cc cc 48
0x00007ff9e1737d91:   8b 51 08 33 c0 48 3b 15 93 60 9a 00 48 0f 44 d0
0x00007ff9e1737da1:   48 85 d2 74 07 48 8b 42 10 48 2b 02 48 8b 51 38
0x00007ff9e1737db1:   48 85 d2 74 0a 48 8b 4a 10 48 2b 0a 48 03 c1 c3
0x00007ff9e1737dc1:   cc cc cc cc cc cc cc cc cc cc cc cc cc cc cc 48
0x00007ff9e1737dd1:   89 4c 24 08 48 89 54 24 10 4c 89 44 24 18 4c 89
0x00007ff9e1737de1:   4c 24 20 48 83 ec 28 4c 8b c1 4c 8d 4c 24 38 48
0x00007ff9e1737df1:   8d 0d b9 60 9a 00 ba 01 00 00 00 e8 af 99 2d 00
0x00007ff9e1737e01:   48 83 c4 28 c3 cc cc cc cc cc cc cc cc cc cc 48
0x00007ff9e1737e11:   89 4c 24 08 48 89 54 24 10 4c 89 44 24 18 4c 89
0x00007ff9e1737e21:   4c 24 20 48 83 ec 28 4c 8b c1 4c 8d 4c 24 38 48
0x00007ff9e1737e31:   8d 0d e9 60 9a 00 ba 01 00 00 00 e8 6f 99 2d 00
0x00007ff9e1737e41:   48 83 c4 28 c3 cc cc cc cc cc cc cc cc cc cc 48
0x00007ff9e1737e51:   89 5c 24 18 55 56 57 41 56 41 57 48 83 ec 20 48
0x00007ff9e1737e61:   8b d9 48 89 11 48 8b 8a 80 01 00 00 48 8b f2 48
0x00007ff9e1737e71:   89 4b 08 66 c7 43 10 00 00 e8 71 f2 f5 ff 8b c0 


Stack slot to memory mapping:

stack at sp + 0 slots: 0x00007ff9e177c298 jvm.dll
stack at sp + 1 slots: 0x0000000000000001 is an unknown value
stack at sp + 2 slots: 0x00000007f79e6930 is an oop: java.lang.String 
{0x00000007f79e6930} - klass: 'java/lang/String'
 - string: "equals(Ljava/lang/Object;)Z"
 - ---- fields (total size 3 words):
 - private 'hash' 'I' @12  1826985398 (0x6ce595b6)
 - private final 'coder' 'B' @16  0 (0x00)
 - private 'hashIsZero' 'Z' @17  false (0x00)
 - injected 'flags' 'B' @18  0 (0x00)
 - private final 'value' '[B' @20  [B{0x00000007f79e6948} (0xfef3cd29)
stack at sp + 3 slots: 0x0000003b480ff620 points into unknown readable memory: 0x0000000000000040 | 40 00 00 00 00 00 00 00
stack at sp + 4 slots: 0x00000007f79e6898 is an oop: [Ljava.util.HashMap$Node; 
{0x00000007f79e6898} - klass: 'java/util/HashMap$Node'[]
 - length: 16
stack at sp + 5 slots: 0x0000000000000001 is an unknown value
stack at sp + 6 slots: 0x0 is null
stack at sp + 7 slots: 0x0000000748000100 is pointing into object: [Ljdk.internal.vm.FillerElement; 
{0x0000000748000000} - klass: {type array int}
 - length: 221598
 -   0: 0x28204d09 673205513
 -   1: 0x616a4c29 1634356265
 -   2: 0x752f6176 1966039414
 -   3: 0x2f6c6974 795634036
 -   4: 0x636e6f63 1668181859
 -   5: 0x65727275 1701999221
 -   6: 0x432f746e 1127183470
 -   7: 0x6c706d6f 1819307375
 -   8: 0x62617465 1650553957
 -   9: 0x7546656c 1967547756
 -  10: 0x65727574 1701999988
 -  11: 0x5f6d203b 1600987195
 -  12: 0x32333332 842216242
 -  13: 0x205f3331 543109937
 -  14: 0x32333332 842216242
 -  15: 0x3331 13105
 -  16: 0x9 9
 -  17: 0x0 0
 -  18: 0x170850 1509456
 -  19: 0x0 0
 -  20: 0x0 0
 -  21: 0xe900000d -385875955
 -  22: 0x9 9
 -  23: 0x0 0
 -  24: 0x165790 1464208
 -  25: 0x17 23
 -  26: 0x28204c09 673205257
 -  27: 0x6d205629 1830835753
 -  28: 0x3333325f 858993247
 -  29: 0x5f363032 1597386802
 -  30: 0x33333220 858993184
 -  31: 0x363032 3551282
 -  32: 0x9 9
 -  33: 0x0 0
 -  34: 0x170850 1509456
 -  35: 0x0 0
 -  36: 0x0 0
 -  37: 0xe9000015 -385875947
 -  38: 0x9 9
 -  39: 0x0 0
 -  40: 0x165790 1464208
 -  41: 0x26 38
 -  42: 0x28204b09 673205001
 -  43: 0x616a4c29 1634356265
 -  44: 0x752f6176 1966039414
 -  45: 0x2f6c6974 795634036
 -  46: 0x7473694c 1953720652
 -  47: 0x5f6d203b 1600987195
 -  48: 0x39393332 960049970
 -  49: 0x205f3738 543110968
 -  50: 0x39393332 960049970
 -  51: 0xee773738 -294176968
 -  52: 0x9 9
 -  53: 0x0 0
 -  54: 0x170850 1509456
 -  55: 0x0 0
 -  56: 0x0 0
 -  57: 0xe900001f -385875937
 -  58: 0x9 9
 -  59: 0x0 0
 -  60: 0x165790 1464208
 -  61: 0x1b 27
 -  62: 0x28204a09 673204745
 -  63: 0x74664c29 1952861225
 -  64: 0x6d203b69 1830828905
 -  65: 0x3130315f 825241951
 -  66: 0x5f353836 1597323318
 -  67: 0x31303120 825241888
 -  68: 0x353836 3487798
 -  69: 0xee778053 -294158253
 -  70: 0x9 9
 -  71: 0x0 0
 -  72: 0x170850 1509456
 -  73: 0x0 0
 -  74: 0x0 0
 -  75: 0xe9000028 -385875928
 -  76: 0x9 9
 -  77: 0x0 0
 -  78: 0x165790 1464208
 -  79: 0x16 22
 -  80: 0x20370909 540477705
 -  81: 0x5f70206f 1601183855
 -  82: 0x35393332 892941106
 -  83: 0x205f3834 543111220
 -  84: 0x35393332 892941106
 -  85: 0x3834 14388
 -  86: 0x9 9
 -  87: 0x0 0
 -  88: 0x170850 1509456
 -  89: 0x0 0
 -  90: 0x0 0
 -  91: 0xe9000030 -385875920
 -  92: 0x9 9
 -  93: 0x0 0
 -  94: 0x165790 1464208
 -  95: 0x16 22
 -  96: 0x20360909 540412169
 -  97: 0x5f70206f 1601183855
 -  98: 0x35393332 892941106
 -  99: 0x205f3734 543110964
 - 100: 0x35393332 892941106
 - 101: 0x3734 14132
 - 102: 0x9 9
 - 103: 0x0 0
 - 104: 0x170850 1509456
 - 105: 0x0 0
 - 106: 0x0 0
 - 107: 0xe9000038 -385875912
 - 108: 0x9 9
 - 109: 0x0 0
 - 110: 0x165790 1464208
 - 111: 0x16 22
 - 112: 0x20350909 540346633
 - 113: 0x5f70206f 1601183855
 - 114: 0x35393332 892941106
 - 115: 0x205f3534 543110452
 - 116: 0x35393332 892941106
 - 117: 0x3534 13620
 - 118: 0x9 9
 - 119: 0x0 0
 - 120: 0x170850 1509456
 - 121: 0x0 0
 - 122: 0x0 0
 - 123: 0xe9000040 -385875904
 - 124: 0x9 9
 - 125: 0x0 0
 - 126: 0x165790 1464208
 - 127: 0x16 22
 - 128: 0x20340909 540281097
 - 129: 0x5f70206f 1601183855
 - 130: 0x35393332 892941106
 - 131: 0x205f3434 543110196
 - 132: 0x35393332 892941106
 - 133: 0xf16a3434 -244698060
 - 134: 0x9 9
 - 135: 0x0 0
 - 136: 0x170850 1509456
 - 137: 0x0 0
 - 138: 0x0 0
 - 139: 0xe9000048 -385875896
 - 140: 0x9 9
 - 141: 0x0 0
 - 142: 0x165790 1464208
 - 143: 0x16 22
 - 144: 0x20330909 540215561
 - 145: 0x5f70206f 1601183855
 - 146: 0x35393332 892941106
 - 147: 0x205f3334 543109940
 - 148: 0x35393332 892941106
 - 149: 0x3334 13108
 - 150: 0x9 9
 - 151: 0x0 0
 - 152: 0x170850 1509456
 - 153: 0x0 0
 - 154: 0x0 0
 - 155: 0xe9000050 -385875888
 - 156: 0x9 9
 - 157: 0x0 0
 - 158: 0x165790 1464208
 - 159: 0x16 22
 - 160: 0x20320909 540150025
 - 161: 0x5f70206f 1601183855
 - 162: 0x35393332 892941106
 - 163: 0x205f3234 543109684
 - 164: 0x35393332 892941106
 - 165: 0x3234 12852
 - 166: 0x9 9
 - 167: 0x0 0
 - 168: 0x170850 1509456
 - 169: 0x0 0
 - 170: 0x0 0
 - 171: 0xe9000058 -385875880
 - 172: 0x9 9
 - 173: 0x0 0
 - 174: 0x165790 1464208
 - 175: 0x16 22
 - 176: 0x20310909 540084489
 - 177: 0x5f70206f 1601183855
 - 178: 0x35393332 892941106
 - 179: 0x205f3134 543109428
 - 180: 0x35393332 892941106
 - 181: 0x3134 12596
 - 182: 0x9 9
 - 183: 0x0 0
 - 184: 0x170850 1509456
 - 185: 0x0 0
 - 186: 0x0 0
 - 187: 0xe9000060 -385875872
 - 188: 0x9 9
 - 189: 0x0 0
 - 190: 0x165790 1464208
 - 191: 0x16 22
 - 192: 0x20300909 540018953
 - 193: 0x5f70206f 1601183855
 - 194: 0x35393332 892941106
 - 195: 0x205f3034 543109172
 - 196: 0x35393332 892941106
 - 197: 0x3034 12340
 - 198: 0x9 9
 - 199: 0x0 0
 - 200: 0x170850 1509456
 - 201: 0x0 0
 - 202: 0x0 0
 - 203: 0xe9000068 -385875864
 - 204: 0x9 9
 - 205: 0x0 0
 - 206: 0x165790 1464208
 - 207: 0x3e 62
 - 208: 0x6e693c09 1852390409
 - 209: 0x203e7469 540963945
 - 210: 0x74664c28 1952861224
 - 211: 0x664c3b69 1716271977
 - 212: 0x493b6f67 1228631911
 - 213: 0x4c494949 1279871305
 - 214: 0x6176616a 1635148138
 - 215: 0x6e616c2f 1851878447
 - 216: 0x74532f67 1951608679
 - 217: 0x676e6972 1735289202
 - 218: 0x74664c3b 1952861243
 - 219: 0x56293b6e 1445542766
 - 220: 0x6e693c20 1852390432
 - 221: 0x203e7469 540963945
 - 222: 0x35393332 892941106
 - 223: 0xf16a3933 -244696781
 - 224: 0x9 9
 - 225: 0x0 0
 - 226: 0x170850 1509456
 - 227: 0x0 0
 - 228: 0x0 0
 - 229: 0xe9000075 -385875851
 - 230: 0x9 9
 - 231: 0x0 0
 - 232: 0x165790 1464208
 - 233: 0x8 8
 - 234: 0x74730909 1953696009
 - 235: 0x63697461 1667855457
 - 236: 0x9 9
 - 237: 0x0 0
 - 238: 0x170850 1509456
 - 239: 0x0 0
 - 240: 0x0 0
 - 241: 0xe900007b -385875845
 - 242: 0x9 9
 - 243: 0x0 0
 - 244: 0x165790 1464208
 - 245: 0x1d 29
 - 246: 0x6c633c09 1818442761
 - 247: 0x74696e69 1953066601
 - 248: 0x2928203e 690495550
 - 249: 0x633c2056 1664884822
 - 250: 0x696e696c 1768843628
 - 251: 0x31203e74 824196724
 - 252: 0x35363130 892743984
 - 253: 0x36 54
 - 254: 0x9 9
 - 255: 0x0 0
 - <221342 more elements, increase MaxElementPrintSize to print>


---------------  P R O C E S S  ---------------

Threads class SMR info:
_java_thread_list=0x0000017778bc5740, length=157, elements={
0x000001770cd7b0c0, 0x000001772e0ee480, 0x000001772e0f0b00, 0x000001772e0f1170,
0x000001772e0f17e0, 0x000001772e0f5e60, 0x000001772e0f64d0, 0x000001772e0f9620,
0x000001772e0fef30, 0x000001772e10e760, 0x000001772e4434e0, 0x0000017775836bb0,
0x0000017775b108e0, 0x0000017775a3e380, 0x00000177758ca810, 0x00000177758c8dd0,
0x00000177758c8740, 0x0000017775e35000, 0x0000017775e37760, 0x0000017775e36a40,
0x0000017775e35d20, 0x0000017775e39ec0, 0x0000017775e3a550, 0x00000177765ef700,
0x00000177765f0ab0, 0x00000177765f17d0, 0x00000177765f52e0, 0x0000017776fdbfc0,
0x0000017776fde720, 0x000001777c188bc0, 0x000001777c18ac90, 0x000001777c18f4c0,
0x000001777c18cd60, 0x00000177788b77c0, 0x00000177788be0c0, 0x000001777ad23e30,
0x000001777ad223f0, 0x000001777cc01680, 0x000001777b43f360, 0x000001777b440080,
0x000001777b43ecd0, 0x000001777b43d920, 0x000001777b43cc00, 0x000001777b440710,
0x000001777b440da0, 0x000001777b441430, 0x000001777b43dfb0, 0x000001777b444220,
0x000001777b444f40, 0x000001777b442e70, 0x000001777b4448b0, 0x000001777b441ac0,
0x000001777b4455d0, 0x000001777b442150, 0x00000177772363b0, 0x0000017777237760,
0x0000017777237df0, 0x0000017777504da0, 0x0000017777504080, 0x00000177775039f0,
0x0000017777504710, 0x00000177782a3230, 0x00000177782a38c0, 0x00000177782a3f50,
0x00000177782a1e80, 0x00000177782a45e0, 0x00000177782a5300, 0x00000177782a2510,
0x00000177782a2ba0, 0x00000177782a4c70, 0x000001777b445c60, 0x000001777b443500,
0x000001777b4427e0, 0x000001777b446980, 0x000001777b449770, 0x000001777b4483c0,
0x000001777b4462f0, 0x000001777b44a490, 0x000001777b449e00, 0x000001777b447010,
0x000001777b44ab20, 0x000001777b4476a0, 0x000001777b44b1b0, 0x000001777b447d30,
0x000001777b44b840, 0x000001777b448a50, 0x000001777b44bed0, 0x000001777a9995b0,
0x000001777a998890, 0x000001777543aec0, 0x00000177754380d0, 0x000001777543a1a0,
0x0000017775438760, 0x0000017775437a40, 0x0000017775438df0, 0x0000017775439480,
0x0000017775439b10, 0x000001777a9512a0, 0x000001777a950580, 0x000001777a950c10,
0x000001777a951fc0, 0x000001777a952650, 0x000001777a952ce0, 0x000001777a94f860,
0x000001777a94fef0, 0x000001777a951930, 0x0000017706542040, 0x00000177065426d0,
0x000001772e9120f0, 0x0000017706543a80, 0x0000017706544e30, 0x0000017706544110,
0x00000177065419b0, 0x00000177065447a0, 0x0000017706542d60, 0x00000177065433f0,
0x0000017706aefae0, 0x0000017706af0170, 0x0000017706aed380, 0x0000017706aeedc0,
0x0000017706aef450, 0x0000017706aeccf0, 0x0000017706aeda10, 0x0000017706aee0a0,
0x0000017706aee730, 0x0000017706c0b410, 0x0000017706c0baa0, 0x0000017706c08620,
0x0000017706c0a060, 0x0000017706c08cb0, 0x0000017706c099d0, 0x00000177772391a0,
0x0000017777238480, 0x0000017777235d20, 0x0000017777236a40, 0x00000177754498b0,
0x0000017775449f40, 0x000001777544a5d0, 0x0000017775449220, 0x000001777544ac60,
0x000001772e830b50, 0x000001772e9105b0, 0x000001772e82fe30, 0x000001772e8311e0,
0x000001772e8304c0, 0x0000017774e2c670, 0x000001777544b2f0, 0x000001777544b980,
0x0000017775448b90, 0x000001777544c010, 0x000001777a922fe0, 0x000001777a922950,
0x000001777a9222c0, 0x000001777a923670, 0x000001777a923d00, 0x000001777a920880,
0x000001777a920f10
}

Java Threads: ( => current thread )
  0x000001770cd7b0c0 JavaThread "main"                              [_thread_blocked, id=28452, stack(0x0000003b46700000,0x0000003b46800000) (1024K)]
  0x000001772e0ee480 JavaThread "Reference Handler"          daemon [_thread_blocked, id=8828, stack(0x0000003b46f00000,0x0000003b47000000) (1024K)]
  0x000001772e0f0b00 JavaThread "Finalizer"                  daemon [_thread_blocked, id=32672, stack(0x0000003b47000000,0x0000003b47100000) (1024K)]
  0x000001772e0f1170 JavaThread "Signal Dispatcher"          daemon [_thread_blocked, id=10056, stack(0x0000003b47100000,0x0000003b47200000) (1024K)]
  0x000001772e0f17e0 JavaThread "Attach Listener"            daemon [_thread_blocked, id=30988, stack(0x0000003b47200000,0x0000003b47300000) (1024K)]
  0x000001772e0f5e60 JavaThread "Service Thread"             daemon [_thread_blocked, id=20532, stack(0x0000003b47300000,0x0000003b47400000) (1024K)]
  0x000001772e0f64d0 JavaThread "Monitor Deflation Thread"   daemon [_thread_blocked, id=3360, stack(0x0000003b47400000,0x0000003b47500000) (1024K)]
  0x000001772e0f9620 JavaThread "C2 CompilerThread0"         daemon [_thread_blocked, id=30792, stack(0x0000003b47500000,0x0000003b47600000) (1024K)]
  0x000001772e0fef30 JavaThread "C1 CompilerThread0"         daemon [_thread_blocked, id=10924, stack(0x0000003b47600000,0x0000003b47700000) (1024K)]
  0x000001772e10e760 JavaThread "Common-Cleaner"             daemon [_thread_blocked, id=13468, stack(0x0000003b47800000,0x0000003b47900000) (1024K)]
  0x000001772e4434e0 JavaThread "Notification Thread"        daemon [_thread_blocked, id=5024, stack(0x0000003b47a00000,0x0000003b47b00000) (1024K)]
  0x0000017775836bb0 JavaThread "Daemon health stats"               [_thread_blocked, id=10068, stack(0x0000003b48a00000,0x0000003b48b00000) (1024K)]
  0x0000017775b108e0 JavaThread "Incoming local TCP Connector on port 61645"        [_thread_in_native, id=31980, stack(0x0000003b48b00000,0x0000003b48c00000) (1024K)]
  0x0000017775a3e380 JavaThread "Daemon periodic checks"            [_thread_blocked, id=32696, stack(0x0000003b48c00000,0x0000003b48d00000) (1024K)]
  0x00000177758ca810 JavaThread "Cache worker for journal cache (C:\Users\kkeip\.gradle\caches\journal-1)"        [_thread_blocked, id=1928, stack(0x0000003b49400000,0x0000003b49500000) (1024K)]
  0x00000177758c8dd0 JavaThread "File lock request listener"        [_thread_in_native, id=20192, stack(0x0000003b49500000,0x0000003b49600000) (1024K)]
  0x00000177758c8740 JavaThread "Cache worker for file hash cache (C:\Users\kkeip\.gradle\caches\8.14.4\fileHashes)"        [_thread_blocked, id=2468, stack(0x0000003b49600000,0x0000003b49700000) (1024K)]
  0x0000017775e35000 JavaThread "File watcher server"        daemon [_thread_blocked, id=11780, stack(0x0000003b49c00000,0x0000003b49d00000) (1024K)]
  0x0000017775e37760 JavaThread "File watcher consumer"      daemon [_thread_blocked, id=3328, stack(0x0000003b49d00000,0x0000003b49e00000) (1024K)]
  0x0000017775e36a40 JavaThread "jar transforms"                    [_thread_blocked, id=19432, stack(0x0000003b49e00000,0x0000003b49f00000) (1024K)]
  0x0000017775e35d20 JavaThread "jar transforms Thread 2"           [_thread_blocked, id=7184, stack(0x0000003b49f00000,0x0000003b4a000000) (1024K)]
  0x0000017775e39ec0 JavaThread "Cache worker for file content cache (C:\Users\kkeip\.gradle\caches\8.14.4\fileContent)"        [_thread_blocked, id=31244, stack(0x0000003b4a500000,0x0000003b4a600000) (1024K)]
  0x0000017775e3a550 JavaThread "jar transforms Thread 3"           [_thread_blocked, id=31496, stack(0x0000003b4a600000,0x0000003b4a700000) (1024K)]
  0x00000177765ef700 JavaThread "jar transforms Thread 4"           [_thread_blocked, id=31044, stack(0x0000003b4be00000,0x0000003b4bf00000) (1024K)]
  0x00000177765f0ab0 JavaThread "jar transforms Thread 5"           [_thread_blocked, id=5736, stack(0x0000003b4bf00000,0x0000003b4c000000) (1024K)]
  0x00000177765f17d0 JavaThread "jar transforms Thread 6"           [_thread_blocked, id=20156, stack(0x0000003b4cb00000,0x0000003b4cc00000) (1024K)]
  0x00000177765f52e0 JavaThread "jar transforms Thread 7"           [_thread_blocked, id=3952, stack(0x0000003b4cc00000,0x0000003b4cd00000) (1024K)]
  0x0000017776fdbfc0 JavaThread "jar transforms Thread 8"           [_thread_blocked, id=18600, stack(0x0000003b4d800000,0x0000003b4d900000) (1024K)]
  0x0000017776fde720 JavaThread "jar transforms Thread 9"           [_thread_blocked, id=8880, stack(0x0000003b4d900000,0x0000003b4da00000) (1024K)]
  0x000001777c188bc0 JavaThread "jar transforms Thread 10"          [_thread_blocked, id=8848, stack(0x0000003b4e500000,0x0000003b4e600000) (1024K)]
  0x000001777c18ac90 JavaThread "jar transforms Thread 11"          [_thread_blocked, id=28916, stack(0x0000003b4e600000,0x0000003b4e700000) (1024K)]
  0x000001777c18f4c0 JavaThread "jar transforms Thread 12"          [_thread_blocked, id=15260, stack(0x0000003b4f200000,0x0000003b4f300000) (1024K)]
  0x000001777c18cd60 JavaThread "jar transforms Thread 13"          [_thread_blocked, id=15620, stack(0x0000003b4f300000,0x0000003b4f400000) (1024K)]
  0x00000177788b77c0 JavaThread "jar transforms Thread 14"          [_thread_blocked, id=28464, stack(0x0000003b4f500000,0x0000003b4f600000) (1024K)]
  0x00000177788be0c0 JavaThread "jar transforms Thread 15"          [_thread_blocked, id=22576, stack(0x0000003b4f800000,0x0000003b4f900000) (1024K)]
  0x000001777ad23e30 JavaThread "Memory manager"                    [_thread_blocked, id=16312, stack(0x0000003b52500000,0x0000003b52600000) (1024K)]
  0x000001777ad223f0 JavaThread "jar transforms Thread 16"          [_thread_blocked, id=14648, stack(0x0000003b52700000,0x0000003b52800000) (1024K)]
  0x000001777cc01680 JavaThread "Daemon Thread 5"                   [_thread_blocked, id=35244, stack(0x0000003b46400000,0x0000003b46500000) (1024K)]
  0x000001777b43f360 JavaThread "Handler for socket connection from /127.0.0.1:61645 to /127.0.0.1:64718"        [_thread_in_native, id=32952, stack(0x0000003b46500000,0x0000003b46600000) (1024K)]
  0x000001777b440080 JavaThread "Cancel handler"                    [_thread_blocked, id=33740, stack(0x0000003b46600000,0x0000003b46700000) (1024K)]
  0x000001777b43ecd0 JavaThread "Daemon worker Thread 5"            [_thread_blocked, id=33324, stack(0x0000003b47700000,0x0000003b47800000) (1024K)]
  0x000001777b43d920 JavaThread "Asynchronous log dispatcher for DefaultDaemonConnection: socket connection from /127.0.0.1:61645 to /127.0.0.1:64718"        [_thread_blocked, id=30432, stack(0x0000003b47900000,0x0000003b47a00000) (1024K)]
  0x000001777b43cc00 JavaThread "Stdin handler"                     [_thread_blocked, id=5448, stack(0x0000003b47b00000,0x0000003b47c00000) (1024K)]
  0x000001777b440710 JavaThread "Daemon client event forwarder"        [_thread_blocked, id=13288, stack(0x0000003b47c00000,0x0000003b47d00000) (1024K)]
  0x000001777b440da0 JavaThread "Cache worker for file hash cache (C:\Minecraft Modding\KingSlayer\.gradle\8.14.4\fileHashes)"        [_thread_blocked, id=20164, stack(0x0000003b48800000,0x0000003b48900000) (1024K)]
  0x000001777b441430 JavaThread "Cache worker for Build Output Cleanup Cache (C:\Minecraft Modding\KingSlayer\.gradle\buildOutputCleanup)"        [_thread_blocked, id=34156, stack(0x0000003b48900000,0x0000003b48a00000) (1024K)]
  0x000001777b43dfb0 JavaThread "Cache worker for checksums cache (C:\Minecraft Modding\KingSlayer\.gradle\8.14.4\checksums)"        [_thread_blocked, id=33776, stack(0x0000003b48d00000,0x0000003b48e00000) (1024K)]
  0x000001777b444220 JavaThread "Cache worker for cache directory md-supplier (C:\Users\kkeip\.gradle\caches\8.14.4\md-supplier)"        [_thread_blocked, id=33940, stack(0x0000003b48e00000,0x0000003b48f00000) (1024K)]
  0x000001777b444f40 JavaThread "Cache worker for cache directory md-rule (C:\Users\kkeip\.gradle\caches\8.14.4\md-rule)"        [_thread_blocked, id=2748, stack(0x0000003b48f00000,0x0000003b49000000) (1024K)]
  0x000001777b442e70 JavaThread "Unconstrained build operations"        [_thread_blocked, id=35224, stack(0x0000003b49000000,0x0000003b49100000) (1024K)]
  0x000001777b4448b0 JavaThread "Unconstrained build operations Thread 2"        [_thread_blocked, id=34144, stack(0x0000003b49100000,0x0000003b49200000) (1024K)]
  0x000001777b441ac0 JavaThread "Unconstrained build operations Thread 3"        [_thread_blocked, id=29036, stack(0x0000003b49200000,0x0000003b49300000) (1024K)]
  0x000001777b4455d0 JavaThread "Unconstrained build operations Thread 4"        [_thread_blocked, id=23932, stack(0x0000003b49300000,0x0000003b49400000) (1024K)]
  0x000001777b442150 JavaThread "Unconstrained build operations Thread 5"        [_thread_blocked, id=35036, stack(0x0000003b49a00000,0x0000003b49b00000) (1024K)]
  0x00000177772363b0 JavaThread "Unconstrained build operations Thread 6"        [_thread_blocked, id=1304, stack(0x0000003b49b00000,0x0000003b49c00000) (1024K)]
  0x0000017777237760 JavaThread "Unconstrained build operations Thread 7"        [_thread_blocked, id=31268, stack(0x0000003b4a000000,0x0000003b4a100000) (1024K)]
  0x0000017777237df0 JavaThread "Unconstrained build operations Thread 8"        [_thread_blocked, id=22464, stack(0x0000003b4a100000,0x0000003b4a200000) (1024K)]
  0x0000017777504da0 JavaThread "Unconstrained build operations Thread 9"        [_thread_blocked, id=20344, stack(0x0000003b4a200000,0x0000003b4a300000) (1024K)]
  0x0000017777504080 JavaThread "Unconstrained build operations Thread 10"        [_thread_blocked, id=13656, stack(0x0000003b4a300000,0x0000003b4a400000) (1024K)]
  0x00000177775039f0 JavaThread "Unconstrained build operations Thread 11"        [_thread_blocked, id=19372, stack(0x0000003b4a400000,0x0000003b4a500000) (1024K)]
  0x0000017777504710 JavaThread "Unconstrained build operations Thread 12"        [_thread_blocked, id=14980, stack(0x0000003b4a900000,0x0000003b4aa00000) (1024K)]
  0x00000177782a3230 JavaThread "Unconstrained build operations Thread 13"        [_thread_blocked, id=4056, stack(0x0000003b4aa00000,0x0000003b4ab00000) (1024K)]
  0x00000177782a38c0 JavaThread "Unconstrained build operations Thread 14"        [_thread_blocked, id=35584, stack(0x0000003b4ab00000,0x0000003b4ac00000) (1024K)]
  0x00000177782a3f50 JavaThread "Unconstrained build operations Thread 15"        [_thread_blocked, id=29952, stack(0x0000003b4ac00000,0x0000003b4ad00000) (1024K)]
  0x00000177782a1e80 JavaThread "Unconstrained build operations Thread 16"        [_thread_blocked, id=35324, stack(0x0000003b4ad00000,0x0000003b4ae00000) (1024K)]
  0x00000177782a45e0 JavaThread "Unconstrained build operations Thread 17"        [_thread_blocked, id=30976, stack(0x0000003b4ae00000,0x0000003b4af00000) (1024K)]
  0x00000177782a5300 JavaThread "Unconstrained build operations Thread 18"        [_thread_blocked, id=28768, stack(0x0000003b4af00000,0x0000003b4b000000) (1024K)]
  0x00000177782a2510 JavaThread "Unconstrained build operations Thread 19"        [_thread_blocked, id=34680, stack(0x0000003b4b000000,0x0000003b4b100000) (1024K)]
  0x00000177782a2ba0 JavaThread "Unconstrained build operations Thread 20"        [_thread_blocked, id=33788, stack(0x0000003b4b100000,0x0000003b4b200000) (1024K)]
  0x00000177782a4c70 JavaThread "Unconstrained build operations Thread 21"        [_thread_blocked, id=12076, stack(0x0000003b4b200000,0x0000003b4b300000) (1024K)]
  0x000001777b445c60 JavaThread "Unconstrained build operations Thread 22"        [_thread_blocked, id=16684, stack(0x0000003b4b300000,0x0000003b4b400000) (1024K)]
  0x000001777b443500 JavaThread "Unconstrained build operations Thread 23"        [_thread_blocked, id=33472, stack(0x0000003b4b400000,0x0000003b4b500000) (1024K)]
  0x000001777b4427e0 JavaThread "Unconstrained build operations Thread 24"        [_thread_blocked, id=35004, stack(0x0000003b4b500000,0x0000003b4b600000) (1024K)]
  0x000001777b446980 JavaThread "Unconstrained build operations Thread 25"        [_thread_blocked, id=17904, stack(0x0000003b4b600000,0x0000003b4b700000) (1024K)]
  0x000001777b449770 JavaThread "Unconstrained build operations Thread 26"        [_thread_blocked, id=31792, stack(0x0000003b4b700000,0x0000003b4b800000) (1024K)]
  0x000001777b4483c0 JavaThread "Unconstrained build operations Thread 27"        [_thread_blocked, id=32724, stack(0x0000003b4b800000,0x0000003b4b900000) (1024K)]
  0x000001777b4462f0 JavaThread "Unconstrained build operations Thread 28"        [_thread_blocked, id=20596, stack(0x0000003b4b900000,0x0000003b4ba00000) (1024K)]
  0x000001777b44a490 JavaThread "Unconstrained build operations Thread 29"        [_thread_blocked, id=2768, stack(0x0000003b4ba00000,0x0000003b4bb00000) (1024K)]
  0x000001777b449e00 JavaThread "Unconstrained build operations Thread 30"        [_thread_blocked, id=26000, stack(0x0000003b4bb00000,0x0000003b4bc00000) (1024K)]
  0x000001777b447010 JavaThread "Unconstrained build operations Thread 31"        [_thread_blocked, id=34724, stack(0x0000003b4bc00000,0x0000003b4bd00000) (1024K)]
  0x000001777b44ab20 JavaThread "Unconstrained build operations Thread 32"        [_thread_blocked, id=30968, stack(0x0000003b4bd00000,0x0000003b4be00000) (1024K)]
  0x000001777b4476a0 JavaThread "Unconstrained build operations Thread 33"        [_thread_blocked, id=33264, stack(0x0000003b4c000000,0x0000003b4c100000) (1024K)]
  0x000001777b44b1b0 JavaThread "Unconstrained build operations Thread 34"        [_thread_blocked, id=16276, stack(0x0000003b4c100000,0x0000003b4c200000) (1024K)]
  0x000001777b447d30 JavaThread "Unconstrained build operations Thread 35"        [_thread_blocked, id=34480, stack(0x0000003b4c200000,0x0000003b4c300000) (1024K)]
  0x000001777b44b840 JavaThread "Unconstrained build operations Thread 36"        [_thread_blocked, id=32132, stack(0x0000003b4c300000,0x0000003b4c400000) (1024K)]
  0x000001777b448a50 JavaThread "Unconstrained build operations Thread 37"        [_thread_blocked, id=27412, stack(0x0000003b4c400000,0x0000003b4c500000) (1024K)]
  0x000001777b44bed0 JavaThread "Unconstrained build operations Thread 38"        [_thread_blocked, id=7988, stack(0x0000003b4c500000,0x0000003b4c600000) (1024K)]
  0x000001777a9995b0 JavaThread "Unconstrained build operations Thread 39"        [_thread_blocked, id=9208, stack(0x0000003b4c600000,0x0000003b4c700000) (1024K)]
  0x000001777a998890 JavaThread "Unconstrained build operations Thread 40"        [_thread_blocked, id=7812, stack(0x0000003b4c700000,0x0000003b4c800000) (1024K)]
  0x000001777543aec0 JavaThread "Unconstrained build operations Thread 41"        [_thread_blocked, id=34508, stack(0x0000003b4c800000,0x0000003b4c900000) (1024K)]
  0x00000177754380d0 JavaThread "Unconstrained build operations Thread 42"        [_thread_blocked, id=11628, stack(0x0000003b4c900000,0x0000003b4ca00000) (1024K)]
  0x000001777543a1a0 JavaThread "Unconstrained build operations Thread 43"        [_thread_blocked, id=9764, stack(0x0000003b4ca00000,0x0000003b4cb00000) (1024K)]
  0x0000017775438760 JavaThread "Unconstrained build operations Thread 44"        [_thread_blocked, id=31704, stack(0x0000003b4cd00000,0x0000003b4ce00000) (1024K)]
  0x0000017775437a40 JavaThread "Unconstrained build operations Thread 45"        [_thread_blocked, id=34088, stack(0x0000003b4ce00000,0x0000003b4cf00000) (1024K)]
  0x0000017775438df0 JavaThread "Unconstrained build operations Thread 46"        [_thread_blocked, id=35040, stack(0x0000003b4cf00000,0x0000003b4d000000) (1024K)]
  0x0000017775439480 JavaThread "Unconstrained build operations Thread 47"        [_thread_blocked, id=20496, stack(0x0000003b4d000000,0x0000003b4d100000) (1024K)]
  0x0000017775439b10 JavaThread "Unconstrained build operations Thread 48"        [_thread_blocked, id=8980, stack(0x0000003b4d100000,0x0000003b4d200000) (1024K)]
  0x000001777a9512a0 JavaThread "Unconstrained build operations Thread 49"        [_thread_blocked, id=34392, stack(0x0000003b4d200000,0x0000003b4d300000) (1024K)]
  0x000001777a950580 JavaThread "Unconstrained build operations Thread 50"        [_thread_blocked, id=33052, stack(0x0000003b4d300000,0x0000003b4d400000) (1024K)]
  0x000001777a950c10 JavaThread "Unconstrained build operations Thread 51"        [_thread_blocked, id=240, stack(0x0000003b4d400000,0x0000003b4d500000) (1024K)]
  0x000001777a951fc0 JavaThread "Unconstrained build operations Thread 52"        [_thread_blocked, id=9172, stack(0x0000003b4d500000,0x0000003b4d600000) (1024K)]
  0x000001777a952650 JavaThread "Unconstrained build operations Thread 53"        [_thread_blocked, id=29556, stack(0x0000003b4d600000,0x0000003b4d700000) (1024K)]
  0x000001777a952ce0 JavaThread "Unconstrained build operations Thread 54"        [_thread_blocked, id=34568, stack(0x0000003b4d700000,0x0000003b4d800000) (1024K)]
  0x000001777a94f860 JavaThread "Unconstrained build operations Thread 55"        [_thread_blocked, id=35808, stack(0x0000003b4da00000,0x0000003b4db00000) (1024K)]
  0x000001777a94fef0 JavaThread "Unconstrained build operations Thread 56"        [_thread_blocked, id=22752, stack(0x0000003b4db00000,0x0000003b4dc00000) (1024K)]
  0x000001777a951930 JavaThread "Unconstrained build operations Thread 57"        [_thread_blocked, id=7528, stack(0x0000003b4dc00000,0x0000003b4dd00000) (1024K)]
  0x0000017706542040 JavaThread "Unconstrained build operations Thread 58"        [_thread_blocked, id=35568, stack(0x0000003b4dd00000,0x0000003b4de00000) (1024K)]
  0x00000177065426d0 JavaThread "Unconstrained build operations Thread 59"        [_thread_blocked, id=6976, stack(0x0000003b4de00000,0x0000003b4df00000) (1024K)]
  0x000001772e9120f0 JavaThread "C1 CompilerThread1"         daemon [_thread_blocked, id=35000, stack(0x0000003b4e000000,0x0000003b4e100000) (1024K)]
  0x0000017706543a80 JavaThread "Unconstrained build operations Thread 60"        [_thread_blocked, id=25916, stack(0x0000003b4e100000,0x0000003b4e200000) (1024K)]
  0x0000017706544e30 JavaThread "Unconstrained build operations Thread 61"        [_thread_blocked, id=33572, stack(0x0000003b4e200000,0x0000003b4e300000) (1024K)]
  0x0000017706544110 JavaThread "Unconstrained build operations Thread 62"        [_thread_blocked, id=32232, stack(0x0000003b4e300000,0x0000003b4e400000) (1024K)]
  0x00000177065419b0 JavaThread "Unconstrained build operations Thread 63"        [_thread_blocked, id=34352, stack(0x0000003b4e400000,0x0000003b4e500000) (1024K)]
  0x00000177065447a0 JavaThread "Unconstrained build operations Thread 64"        [_thread_blocked, id=24532, stack(0x0000003b4e700000,0x0000003b4e800000) (1024K)]
  0x0000017706542d60 JavaThread "Unconstrained build operations Thread 65"        [_thread_blocked, id=29704, stack(0x0000003b4e800000,0x0000003b4e900000) (1024K)]
  0x00000177065433f0 JavaThread "Unconstrained build operations Thread 66"        [_thread_blocked, id=33640, stack(0x0000003b4e900000,0x0000003b4ea00000) (1024K)]
  0x0000017706aefae0 JavaThread "Unconstrained build operations Thread 67"        [_thread_blocked, id=33000, stack(0x0000003b4ea00000,0x0000003b4eb00000) (1024K)]
  0x0000017706af0170 JavaThread "Unconstrained build operations Thread 68"        [_thread_blocked, id=6408, stack(0x0000003b4eb00000,0x0000003b4ec00000) (1024K)]
  0x0000017706aed380 JavaThread "Unconstrained build operations Thread 69"        [_thread_blocked, id=32180, stack(0x0000003b4ec00000,0x0000003b4ed00000) (1024K)]
  0x0000017706aeedc0 JavaThread "Unconstrained build operations Thread 70"        [_thread_blocked, id=33564, stack(0x0000003b4ed00000,0x0000003b4ee00000) (1024K)]
  0x0000017706aef450 JavaThread "Unconstrained build operations Thread 71"        [_thread_blocked, id=9632, stack(0x0000003b4ee00000,0x0000003b4ef00000) (1024K)]
  0x0000017706aeccf0 JavaThread "Unconstrained build operations Thread 72"        [_thread_blocked, id=3472, stack(0x0000003b4ef00000,0x0000003b4f000000) (1024K)]
  0x0000017706aeda10 JavaThread "Unconstrained build operations Thread 73"        [_thread_blocked, id=29220, stack(0x0000003b4f000000,0x0000003b4f100000) (1024K)]
  0x0000017706aee0a0 JavaThread "Unconstrained build operations Thread 74"        [_thread_blocked, id=13304, stack(0x0000003b4f100000,0x0000003b4f200000) (1024K)]
  0x0000017706aee730 JavaThread "Unconstrained build operations Thread 75"        [_thread_blocked, id=20168, stack(0x0000003b4f400000,0x0000003b4f500000) (1024K)]
  0x0000017706c0b410 JavaThread "Unconstrained build operations Thread 76"        [_thread_blocked, id=32148, stack(0x0000003b4f600000,0x0000003b4f700000) (1024K)]
  0x0000017706c0baa0 JavaThread "Unconstrained build operations Thread 77"        [_thread_blocked, id=35284, stack(0x0000003b4f700000,0x0000003b4f800000) (1024K)]
  0x0000017706c08620 JavaThread "Unconstrained build operations Thread 78"        [_thread_blocked, id=7584, stack(0x0000003b4f900000,0x0000003b4fa00000) (1024K)]
  0x0000017706c0a060 JavaThread "Unconstrained build operations Thread 79"        [_thread_blocked, id=35416, stack(0x0000003b4fa00000,0x0000003b4fb00000) (1024K)]
  0x0000017706c08cb0 JavaThread "Unconstrained build operations Thread 80"        [_thread_blocked, id=31736, stack(0x0000003b4fb00000,0x0000003b4fc00000) (1024K)]
  0x0000017706c099d0 JavaThread "Unconstrained build operations Thread 81"        [_thread_blocked, id=31784, stack(0x0000003b4fc00000,0x0000003b4fd00000) (1024K)]
  0x00000177772391a0 JavaThread "Unconstrained build operations Thread 82"        [_thread_blocked, id=31152, stack(0x0000003b4fd00000,0x0000003b4fe00000) (1024K)]
  0x0000017777238480 JavaThread "Unconstrained build operations Thread 83"        [_thread_blocked, id=34336, stack(0x0000003b4fe00000,0x0000003b4ff00000) (1024K)]
  0x0000017777235d20 JavaThread "Unconstrained build operations Thread 84"        [_thread_blocked, id=33540, stack(0x0000003b4ff00000,0x0000003b50000000) (1024K)]
  0x0000017777236a40 JavaThread "Unconstrained build operations Thread 85"        [_thread_blocked, id=16272, stack(0x0000003b50000000,0x0000003b50100000) (1024K)]
  0x00000177754498b0 JavaThread "Unconstrained build operations Thread 86"        [_thread_blocked, id=30180, stack(0x0000003b50100000,0x0000003b50200000) (1024K)]
  0x0000017775449f40 JavaThread "Unconstrained build operations Thread 87"        [_thread_blocked, id=20020, stack(0x0000003b50200000,0x0000003b50300000) (1024K)]
  0x000001777544a5d0 JavaThread "Unconstrained build operations Thread 88"        [_thread_blocked, id=14800, stack(0x0000003b50300000,0x0000003b50400000) (1024K)]
  0x0000017775449220 JavaThread "Unconstrained build operations Thread 89"        [_thread_blocked, id=33304, stack(0x0000003b50400000,0x0000003b50500000) (1024K)]
  0x000001777544ac60 JavaThread "Keep-Alive-Timer"           daemon [_thread_blocked, id=35508, stack(0x0000003b50600000,0x0000003b50700000) (1024K)]
  0x000001772e830b50 JavaThread "Problems report writer"            [_thread_blocked, id=28560, stack(0x0000003b4a700000,0x0000003b4a800000) (1024K)]
  0x000001772e9105b0 JavaThread "C2 CompilerThread1"         daemon [_thread_blocked, id=32388, stack(0x0000003b4a800000,0x0000003b4a900000) (1024K)]
  0x000001772e82fe30 JavaThread "Unconstrained build operations Thread 90"        [_thread_blocked, id=8436, stack(0x0000003b4df00000,0x0000003b4e000000) (1024K)]
  0x000001772e8311e0 JavaThread "Unconstrained build operations Thread 91"        [_thread_blocked, id=28072, stack(0x0000003b50500000,0x0000003b50600000) (1024K)]
  0x000001772e8304c0 JavaThread "Unconstrained build operations Thread 92"        [_thread_blocked, id=31552, stack(0x0000003b50700000,0x0000003b50800000) (1024K)]
  0x0000017774e2c670 JavaThread "Unconstrained build operations Thread 93"        [_thread_blocked, id=6864, stack(0x0000003b50800000,0x0000003b50900000) (1024K)]
  0x000001777544b2f0 JavaThread "Unconstrained build operations Thread 94"        [_thread_blocked, id=14580, stack(0x0000003b50900000,0x0000003b50a00000) (1024K)]
  0x000001777544b980 JavaThread "Unconstrained build operations Thread 95"        [_thread_blocked, id=33100, stack(0x0000003b50a00000,0x0000003b50b00000) (1024K)]
  0x0000017775448b90 JavaThread "Unconstrained build operations Thread 96"        [_thread_blocked, id=4932, stack(0x0000003b50b00000,0x0000003b50c00000) (1024K)]
  0x000001777544c010 JavaThread "Unconstrained build operations Thread 97"        [_thread_blocked, id=23644, stack(0x0000003b50c00000,0x0000003b50d00000) (1024K)]
  0x000001777a922fe0 JavaThread "Unconstrained build operations Thread 98"        [_thread_blocked, id=29572, stack(0x0000003b50d00000,0x0000003b50e00000) (1024K)]
  0x000001777a922950 JavaThread "Unconstrained build operations Thread 99"        [_thread_blocked, id=33348, stack(0x0000003b50e00000,0x0000003b50f00000) (1024K)]
  0x000001777a9222c0 JavaThread "Unconstrained build operations Thread 100"        [_thread_blocked, id=30964, stack(0x0000003b50f00000,0x0000003b51000000) (1024K)]
  0x000001777a923670 JavaThread "Unconstrained build operations Thread 101"        [_thread_blocked, id=33580, stack(0x0000003b51000000,0x0000003b51100000) (1024K)]
  0x000001777a923d00 JavaThread "Unconstrained build operations Thread 102"        [_thread_blocked, id=31016, stack(0x0000003b51100000,0x0000003b51200000) (1024K)]
  0x000001777a920880 JavaThread "Unconstrained build operations Thread 103"        [_thread_blocked, id=15436, stack(0x0000003b51200000,0x0000003b51300000) (1024K)]
  0x000001777a920f10 JavaThread "Unconstrained build operations Thread 104"        [_thread_blocked, id=32156, stack(0x0000003b51300000,0x0000003b51400000) (1024K)]
Total: 157

Other Threads:
  0x000001772e0d2080 VMThread "VM Thread"                           [id=20112, stack(0x0000003b46e00000,0x0000003b46f00000) (1024K)]
  0x000001772e191920 WatcherThread "VM Periodic Task Thread"        [id=7424, stack(0x0000003b46d00000,0x0000003b46e00000) (1024K)]
  0x000001770f1b7890 WorkerThread "GC Thread#0"                     [id=6480, stack(0x0000003b46800000,0x0000003b46900000) (1024K)]
  0x000001772e0d32f0 WorkerThread "GC Thread#1"                     [id=31712, stack(0x0000003b47d00000,0x0000003b47e00000) (1024K)]
  0x000001772eb01660 WorkerThread "GC Thread#2"                     [id=15612, stack(0x0000003b47e00000,0x0000003b47f00000) (1024K)]
  0x000001772eb03b40 WorkerThread "GC Thread#3"                     [id=4668, stack(0x0000003b47f00000,0x0000003b48000000) (1024K)]
=>0x000001772eb02170 WorkerThread "GC Thread#4"                     [id=6900, stack(0x0000003b48000000,0x0000003b48100000) (1024K)]
  0x000001772eb01a10 WorkerThread "GC Thread#5"                     [id=30600, stack(0x0000003b48100000,0x0000003b48200000) (1024K)]
  0x000001772eb03ef0 WorkerThread "GC Thread#6"                     [id=3044, stack(0x0000003b48200000,0x0000003b48300000) (1024K)]
  0x000001772eb042a0 WorkerThread "GC Thread#7"                     [id=14720, stack(0x0000003b48300000,0x0000003b48400000) (1024K)]
  0x000001772eb04650 WorkerThread "GC Thread#8"                     [id=2388, stack(0x0000003b48400000,0x0000003b48500000) (1024K)]
  0x000001772eb033e0 WorkerThread "GC Thread#9"                     [id=13696, stack(0x0000003b48500000,0x0000003b48600000) (1024K)]
  0x000001772eb03790 WorkerThread "GC Thread#10"                    [id=31812, stack(0x0000003b48600000,0x0000003b48700000) (1024K)]
  0x000001772eb02520 WorkerThread "GC Thread#11"                    [id=32340, stack(0x0000003b48700000,0x0000003b48800000) (1024K)]
  0x0000017775ac0e90 WorkerThread "GC Thread#12"                    [id=30352, stack(0x0000003b49700000,0x0000003b49800000) (1024K)]
  0x000001770f1c8800 ConcurrentGCThread "G1 Main Marker"            [id=3616, stack(0x0000003b46900000,0x0000003b46a00000) (1024K)]
  0x000001770f1cb6f0 WorkerThread "G1 Conc#0"                       [id=27512, stack(0x0000003b46a00000,0x0000003b46b00000) (1024K)]
  0x0000017775abf870 WorkerThread "G1 Conc#1"                       [id=19268, stack(0x0000003b49800000,0x0000003b49900000) (1024K)]
  0x0000017775abffd0 WorkerThread "G1 Conc#2"                       [id=32740, stack(0x0000003b49900000,0x0000003b49a00000) (1024K)]
  0x000001772e004040 ConcurrentGCThread "G1 Refine#0"               [id=31892, stack(0x0000003b46b00000,0x0000003b46c00000) (1024K)]
  0x000001772e004480 ConcurrentGCThread "G1 Service"                [id=19896, stack(0x0000003b46c00000,0x0000003b46d00000) (1024K)]
Total: 21

Threads with active compile tasks:
C2 CompilerThread0  2441650 20783       4       org.gradle.api.internal.artifacts.ivyservice.resolveengine.graph.builder.ModuleResolveState::maybeUpdateSelection (108 bytes)
C2 CompilerThread1  2441650 20781       4       org.gradle.api.internal.artifacts.ivyservice.resolveengine.graph.builder.ResolveState$$Lambda/0x000001773078a150::apply (20 bytes)
Total: 2

VM state: at safepoint (normal execution)

VM Mutex/Monitor currently owned by a thread:  ([mutex/lock_event])
[0x00007ff9e2107cd8] Threads_lock - owner thread: 0x000001772e0d2080
[0x00007ff9e2107dd8] Heap_lock - owner thread: 0x00000177758ca810

Heap address: 0x0000000740000000, size: 3072 MB, Compressed Oops mode: Zero based, Oop shift amount: 3

CDS archive(s) mapped at: [0x000001772f000000-0x000001772fd70000-0x000001772fd70000), size 14090240, SharedBaseAddress: 0x000001772f000000, ArchiveRelocationMode: 1.
Compressed class space mapped at: 0x0000017730000000-0x0000017770000000, reserved size: 1073741824
Narrow klass base: 0x000001772f000000, Narrow klass shift: 0, Narrow klass range: 0x41000000

GC Precious Log:
 CardTable entry size: 512
 Card Set container configuration: InlinePtr #cards 4 size 8 Array Of Cards #cards 16 size 48 Howl #buckets 8 coarsen threshold 3686 Howl Bitmap #cards 512 size 80 coarsen threshold 460 Card regions per heap region 1 cards per card region 4096
 CPUs: 16 total, 16 available
 Memory: 31905M
 Large Page Support: Disabled
 NUMA Support: Disabled
 Compressed Oops: Enabled (Zero based)
 Heap Region Size: 2M
 Heap Min Capacity: 8M
 Heap Initial Capacity: 500M
 Heap Max Capacity: 3G
 Pre-touch: Disabled
 Parallel Workers: 13
 Concurrent Workers: 3
 Concurrent Refinement Workers: 13
 Periodic GC: Disabled

Heap:
 garbage-first heap   total reserved 3145728K, committed 1230848K, used 669696K [0x0000000740000000, 0x0000000800000000)
  region size 2048K, 143 young (292864K), 13 survivors (26624K)
 Metaspace       used 88034K, committed 90368K, reserved 1179648K
  class space    used 12385K, committed 13504K, reserved 1048576K

Heap Regions: E=young(eden), S=young(survivor), O=old, HS=humongous(starts), HC=humongous(continues), CS=collection set, F=free, TAMS=top-at-mark-start, PB=parsable bottom
|   0|0x0000000740000000, 0x0000000740200000, 0x0000000740200000|100%|HS|  |TAMS 0x0000000740000000| PB 0x0000000740000000| Complete |  0
|   1|0x0000000740200000, 0x0000000740400000, 0x0000000740400000|100%|HC|  |TAMS 0x0000000740200000| PB 0x0000000740200000| Complete |  0
|   2|0x0000000740400000, 0x0000000740600000, 0x0000000740600000|100%| O|  |TAMS 0x0000000740400000| PB 0x0000000740400000| Untracked |  0
|   3|0x0000000740600000, 0x0000000740800000, 0x0000000740800000|100%| O|  |TAMS 0x0000000740600000| PB 0x0000000740600000| Untracked |  0
|   4|0x0000000740800000, 0x0000000740a00000, 0x0000000740a00000|100%| O|  |TAMS 0x0000000740800000| PB 0x0000000740800000| Untracked |  0
|   5|0x0000000740a00000, 0x0000000740c00000, 0x0000000740c00000|100%| O|  |TAMS 0x0000000740a00000| PB 0x0000000740a00000| Untracked |  0
|   6|0x0000000740c00000, 0x0000000740e00000, 0x0000000740e00000|100%| O|  |TAMS 0x0000000740c00000| PB 0x0000000740c00000| Untracked |  0
|   7|0x0000000740e00000, 0x0000000741000000, 0x0000000741000000|100%| O|  |TAMS 0x0000000740e00000| PB 0x0000000740e00000| Untracked |  0
|   8|0x0000000741000000, 0x0000000741200000, 0x0000000741200000|100%| O|  |TAMS 0x0000000741000000| PB 0x0000000741000000| Untracked |  0
|   9|0x0000000741200000, 0x0000000741400000, 0x0000000741400000|100%| O|  |TAMS 0x0000000741200000| PB 0x0000000741200000| Untracked |  0
|  10|0x0000000741400000, 0x0000000741600000, 0x0000000741600000|100%| O|  |TAMS 0x0000000741400000| PB 0x0000000741400000| Untracked |  0
|  11|0x0000000741600000, 0x0000000741800000, 0x0000000741800000|100%| O|  |TAMS 0x0000000741600000| PB 0x0000000741600000| Untracked |  0
|  12|0x0000000741800000, 0x0000000741a00000, 0x0000000741a00000|100%| O|  |TAMS 0x0000000741800000| PB 0x0000000741800000| Untracked |  0
|  13|0x0000000741a00000, 0x0000000741c00000, 0x0000000741c00000|100%| O|  |TAMS 0x0000000741a00000| PB 0x0000000741a00000| Untracked |  0
|  14|0x0000000741c00000, 0x0000000741e00000, 0x0000000741e00000|100%| O|  |TAMS 0x0000000741c00000| PB 0x0000000741c00000| Untracked |  0
|  15|0x0000000741e00000, 0x0000000742000000, 0x0000000742000000|100%| O|  |TAMS 0x0000000741e00000| PB 0x0000000741e00000| Untracked |  0
|  16|0x0000000742000000, 0x0000000742200000, 0x0000000742200000|100%| O|  |TAMS 0x0000000742000000| PB 0x0000000742000000| Untracked |  0
|  17|0x0000000742200000, 0x0000000742400000, 0x0000000742400000|100%| O|  |TAMS 0x0000000742200000| PB 0x0000000742200000| Untracked |  0
|  18|0x0000000742400000, 0x0000000742600000, 0x0000000742600000|100%| O|  |TAMS 0x0000000742400000| PB 0x0000000742400000| Untracked |  0
|  19|0x0000000742600000, 0x0000000742800000, 0x0000000742800000|100%| O|  |TAMS 0x0000000742600000| PB 0x0000000742600000| Untracked |  0
|  20|0x0000000742800000, 0x0000000742a00000, 0x0000000742a00000|100%| O|  |TAMS 0x0000000742800000| PB 0x0000000742800000| Untracked |  0
|  21|0x0000000742a00000, 0x0000000742c00000, 0x0000000742c00000|100%| O|  |TAMS 0x0000000742a00000| PB 0x0000000742a00000| Untracked |  0
|  22|0x0000000742c00000, 0x0000000742e00000, 0x0000000742e00000|100%| O|  |TAMS 0x0000000742c00000| PB 0x0000000742c00000| Untracked |  0
|  23|0x0000000742e00000, 0x0000000743000000, 0x0000000743000000|100%| O|  |TAMS 0x0000000742e00000| PB 0x0000000742e00000| Untracked |  0
|  24|0x0000000743000000, 0x0000000743200000, 0x0000000743200000|100%| O|  |TAMS 0x0000000743000000| PB 0x0000000743000000| Untracked |  0
|  25|0x0000000743200000, 0x0000000743400000, 0x0000000743400000|100%| O|  |TAMS 0x0000000743200000| PB 0x0000000743200000| Untracked |  0
|  26|0x0000000743400000, 0x0000000743600000, 0x0000000743600000|100%| O|  |TAMS 0x0000000743400000| PB 0x0000000743400000| Untracked |  0
|  27|0x0000000743600000, 0x0000000743800000, 0x0000000743800000|100%|HS|  |TAMS 0x0000000743600000| PB 0x0000000743600000| Complete |  0
|  28|0x0000000743800000, 0x0000000743a00000, 0x0000000743a00000|100%| O|  |TAMS 0x0000000743800000| PB 0x0000000743800000| Untracked |  0
|  29|0x0000000743a00000, 0x0000000743c00000, 0x0000000743c00000|100%| O|  |TAMS 0x0000000743a00000| PB 0x0000000743a00000| Untracked |  0
|  30|0x0000000743c00000, 0x0000000743e00000, 0x0000000743e00000|100%| O|  |TAMS 0x0000000743c00000| PB 0x0000000743c00000| Untracked |  0
|  31|0x0000000743e00000, 0x0000000744000000, 0x0000000744000000|100%| O|  |TAMS 0x0000000743e00000| PB 0x0000000743e00000| Untracked |  0
|  32|0x0000000744000000, 0x0000000744200000, 0x0000000744200000|100%| O|  |TAMS 0x0000000744000000| PB 0x0000000744000000| Untracked |  0
|  33|0x0000000744200000, 0x0000000744400000, 0x0000000744400000|100%| O|  |TAMS 0x0000000744200000| PB 0x0000000744200000| Untracked |  0
|  34|0x0000000744400000, 0x0000000744600000, 0x0000000744600000|100%| O|  |TAMS 0x0000000744400000| PB 0x0000000744400000| Untracked |  0
|  35|0x0000000744600000, 0x0000000744800000, 0x0000000744800000|100%| O|  |TAMS 0x0000000744600000| PB 0x0000000744600000| Untracked |  0
|  36|0x0000000744800000, 0x0000000744a00000, 0x0000000744a00000|100%| O|  |TAMS 0x0000000744800000| PB 0x0000000744800000| Untracked |  0
|  37|0x0000000744a00000, 0x0000000744c00000, 0x0000000744c00000|100%| O|  |TAMS 0x0000000744a00000| PB 0x0000000744a00000| Untracked |  0
|  38|0x0000000744c00000, 0x0000000744e00000, 0x0000000744e00000|100%| O|  |TAMS 0x0000000744c00000| PB 0x0000000744c00000| Untracked |  0
|  39|0x0000000744e00000, 0x0000000745000000, 0x0000000745000000|100%| O|  |TAMS 0x0000000744e00000| PB 0x0000000744e00000| Untracked |  0
|  40|0x0000000745000000, 0x0000000745200000, 0x0000000745200000|100%| O|  |TAMS 0x0000000745000000| PB 0x0000000745000000| Untracked |  0
|  41|0x0000000745200000, 0x0000000745400000, 0x0000000745400000|100%| O|  |TAMS 0x0000000745200000| PB 0x0000000745200000| Untracked |  0
|  42|0x0000000745400000, 0x0000000745600000, 0x0000000745600000|100%| O|  |TAMS 0x0000000745400000| PB 0x0000000745400000| Untracked |  0
|  43|0x0000000745600000, 0x0000000745800000, 0x0000000745800000|100%| O|  |TAMS 0x0000000745600000| PB 0x0000000745600000| Untracked |  0
|  44|0x0000000745800000, 0x0000000745a00000, 0x0000000745a00000|100%| O|  |TAMS 0x0000000745800000| PB 0x0000000745800000| Untracked |  0
|  45|0x0000000745a00000, 0x0000000745c00000, 0x0000000745c00000|100%| O|  |TAMS 0x0000000745a00000| PB 0x0000000745a00000| Untracked |  0
|  46|0x0000000745c00000, 0x0000000745e00000, 0x0000000745e00000|100%| O|  |TAMS 0x0000000745c00000| PB 0x0000000745c00000| Untracked |  0
|  47|0x0000000745e00000, 0x0000000746000000, 0x0000000746000000|100%| O|Cm|TAMS 0x0000000745e00000| PB 0x0000000745e00000| Complete |  0
|  48|0x0000000746000000, 0x0000000746200000, 0x0000000746200000|100%| O|  |TAMS 0x0000000746000000| PB 0x0000000746000000| Untracked |  0
|  49|0x0000000746200000, 0x0000000746400000, 0x0000000746400000|100%| O|  |TAMS 0x0000000746200000| PB 0x0000000746200000| Untracked |  0
|  50|0x0000000746400000, 0x0000000746600000, 0x0000000746600000|100%| O|Cm|TAMS 0x0000000746400000| PB 0x0000000746400000| Complete |  0
|  51|0x0000000746600000, 0x0000000746800000, 0x0000000746800000|100%| O|  |TAMS 0x0000000746600000| PB 0x0000000746600000| Untracked |  0
|  52|0x0000000746800000, 0x0000000746a00000, 0x0000000746a00000|100%| O|  |TAMS 0x0000000746800000| PB 0x0000000746800000| Untracked |  0
|  53|0x0000000746a00000, 0x0000000746c00000, 0x0000000746c00000|100%| O|  |TAMS 0x0000000746a00000| PB 0x0000000746a00000| Untracked |  0
|  54|0x0000000746c00000, 0x0000000746e00000, 0x0000000746e00000|100%| O|  |TAMS 0x0000000746c00000| PB 0x0000000746c00000| Untracked |  0
|  55|0x0000000746e00000, 0x0000000747000000, 0x0000000747000000|100%| O|  |TAMS 0x0000000746e00000| PB 0x0000000746e00000| Untracked |  0
|  56|0x0000000747000000, 0x0000000747200000, 0x0000000747200000|100%| O|  |TAMS 0x0000000747000000| PB 0x0000000747000000| Untracked |  0
|  57|0x0000000747200000, 0x0000000747400000, 0x0000000747400000|100%| O|  |TAMS 0x0000000747200000| PB 0x0000000747200000| Untracked |  0
|  58|0x0000000747400000, 0x0000000747600000, 0x0000000747600000|100%|HS|  |TAMS 0x0000000747400000| PB 0x0000000747400000| Complete |  0
|  59|0x0000000747600000, 0x0000000747800000, 0x0000000747800000|100%|HS|  |TAMS 0x0000000747600000| PB 0x0000000747600000| Complete |  0
|  60|0x0000000747800000, 0x0000000747a00000, 0x0000000747a00000|100%|HS|  |TAMS 0x0000000747800000| PB 0x0000000747800000| Complete |  0
|  61|0x0000000747a00000, 0x0000000747c00000, 0x0000000747c00000|100%| O|  |TAMS 0x0000000747a00000| PB 0x0000000747a00000| Untracked |  0
|  62|0x0000000747c00000, 0x0000000747e00000, 0x0000000747e00000|100%| O|  |TAMS 0x0000000747c00000| PB 0x0000000747c00000| Untracked |  0
|  63|0x0000000747e00000, 0x0000000748000000, 0x0000000748000000|100%| O|Cm|TAMS 0x0000000747e00000| PB 0x0000000747e00000| Complete |  0
|  64|0x0000000748000000, 0x0000000748200000, 0x0000000748200000|100%| O|Cm|TAMS 0x0000000748000000| PB 0x0000000748000000| Complete |  0
|  65|0x0000000748200000, 0x0000000748400000, 0x0000000748400000|100%| O|Cm|TAMS 0x0000000748200000| PB 0x0000000748200000| Complete |  0
|  66|0x0000000748400000, 0x0000000748600000, 0x0000000748600000|100%| O|  |TAMS 0x0000000748400000| PB 0x0000000748400000| Untracked |  0
|  67|0x0000000748600000, 0x0000000748800000, 0x0000000748800000|100%| O|  |TAMS 0x0000000748600000| PB 0x0000000748600000| Untracked |  0
|  68|0x0000000748800000, 0x0000000748a00000, 0x0000000748a00000|100%| O|  |TAMS 0x0000000748800000| PB 0x0000000748800000| Untracked |  0
|  69|0x0000000748a00000, 0x0000000748c00000, 0x0000000748c00000|100%| O|  |TAMS 0x0000000748a00000| PB 0x0000000748a00000| Untracked |  0
|  70|0x0000000748c00000, 0x0000000748e00000, 0x0000000748e00000|100%| O|  |TAMS 0x0000000748c00000| PB 0x0000000748c00000| Untracked |  0
|  71|0x0000000748e00000, 0x0000000749000000, 0x0000000749000000|100%| O|  |TAMS 0x0000000748e00000| PB 0x0000000748e00000| Untracked |  0
|  72|0x0000000749000000, 0x0000000749200000, 0x0000000749200000|100%| O|  |TAMS 0x0000000749000000| PB 0x0000000749000000| Untracked |  0
|  73|0x0000000749200000, 0x0000000749400000, 0x0000000749400000|100%| O|  |TAMS 0x0000000749200000| PB 0x0000000749200000| Untracked |  0
|  74|0x0000000749400000, 0x0000000749600000, 0x0000000749600000|100%| O|Cm|TAMS 0x0000000749400000| PB 0x0000000749400000| Complete |  0
|  75|0x0000000749600000, 0x0000000749800000, 0x0000000749800000|100%| O|Cm|TAMS 0x0000000749600000| PB 0x0000000749600000| Complete |  0
|  76|0x0000000749800000, 0x0000000749a00000, 0x0000000749a00000|100%| O|  |TAMS 0x0000000749800000| PB 0x0000000749800000| Untracked |  0
|  77|0x0000000749a00000, 0x0000000749c00000, 0x0000000749c00000|100%| O|  |TAMS 0x0000000749a00000| PB 0x0000000749a00000| Untracked |  0
|  78|0x0000000749c00000, 0x0000000749e00000, 0x0000000749e00000|100%| O|Cm|TAMS 0x0000000749c00000| PB 0x0000000749c00000| Complete |  0
|  79|0x0000000749e00000, 0x000000074a000000, 0x000000074a000000|100%| O|  |TAMS 0x0000000749e00000| PB 0x0000000749e00000| Untracked |  0
|  80|0x000000074a000000, 0x000000074a200000, 0x000000074a200000|100%| O|  |TAMS 0x000000074a000000| PB 0x000000074a000000| Untracked |  0
|  81|0x000000074a200000, 0x000000074a400000, 0x000000074a400000|100%| O|  |TAMS 0x000000074a200000| PB 0x000000074a200000| Untracked |  0
|  82|0x000000074a400000, 0x000000074a600000, 0x000000074a600000|100%| O|  |TAMS 0x000000074a400000| PB 0x000000074a400000| Untracked |  0
|  83|0x000000074a600000, 0x000000074a800000, 0x000000074a800000|100%| O|  |TAMS 0x000000074a600000| PB 0x000000074a600000| Untracked |  0
|  84|0x000000074a800000, 0x000000074aa00000, 0x000000074aa00000|100%| O|  |TAMS 0x000000074a800000| PB 0x000000074a800000| Untracked |  0
|  85|0x000000074aa00000, 0x000000074ac00000, 0x000000074ac00000|100%| O|  |TAMS 0x000000074aa00000| PB 0x000000074aa00000| Untracked |  0
|  86|0x000000074ac00000, 0x000000074ae00000, 0x000000074ae00000|100%| O|Cm|TAMS 0x000000074ac00000| PB 0x000000074ac00000| Complete |  0
|  87|0x000000074ae00000, 0x000000074b000000, 0x000000074b000000|100%| O|  |TAMS 0x000000074ae00000| PB 0x000000074ae00000| Untracked |  0
|  88|0x000000074b000000, 0x000000074b200000, 0x000000074b200000|100%| O|  |TAMS 0x000000074b000000| PB 0x000000074b000000| Untracked |  0
|  89|0x000000074b200000, 0x000000074b400000, 0x000000074b400000|100%| O|  |TAMS 0x000000074b200000| PB 0x000000074b200000| Untracked |  0
|  90|0x000000074b400000, 0x000000074b600000, 0x000000074b600000|100%| O|  |TAMS 0x000000074b400000| PB 0x000000074b400000| Untracked |  0
|  91|0x000000074b600000, 0x000000074b800000, 0x000000074b800000|100%| O|Cm|TAMS 0x000000074b600000| PB 0x000000074b600000| Complete |  0
|  92|0x000000074b800000, 0x000000074ba00000, 0x000000074ba00000|100%| O|  |TAMS 0x000000074b800000| PB 0x000000074b800000| Untracked |  0
|  93|0x000000074ba00000, 0x000000074bc00000, 0x000000074bc00000|100%| O|  |TAMS 0x000000074ba00000| PB 0x000000074ba00000| Untracked |  0
|  94|0x000000074bc00000, 0x000000074be00000, 0x000000074be00000|100%| O|  |TAMS 0x000000074bc00000| PB 0x000000074bc00000| Untracked |  0
|  95|0x000000074be00000, 0x000000074c000000, 0x000000074c000000|100%| O|  |TAMS 0x000000074be00000| PB 0x000000074be00000| Untracked |  0
|  96|0x000000074c000000, 0x000000074c200000, 0x000000074c200000|100%| O|  |TAMS 0x000000074c000000| PB 0x000000074c000000| Untracked |  0
|  97|0x000000074c200000, 0x000000074c400000, 0x000000074c400000|100%| O|  |TAMS 0x000000074c200000| PB 0x000000074c200000| Untracked |  0
|  98|0x000000074c400000, 0x000000074c600000, 0x000000074c600000|100%| O|  |TAMS 0x000000074c400000| PB 0x000000074c400000| Untracked |  0
|  99|0x000000074c600000, 0x000000074c800000, 0x000000074c800000|100%| O|  |TAMS 0x000000074c600000| PB 0x000000074c600000| Untracked |  0
| 100|0x000000074c800000, 0x000000074ca00000, 0x000000074ca00000|100%| O|  |TAMS 0x000000074c800000| PB 0x000000074c800000| Untracked |  0
| 101|0x000000074ca00000, 0x000000074cc00000, 0x000000074cc00000|100%| O|  |TAMS 0x000000074ca00000| PB 0x000000074ca00000| Untracked |  0
| 102|0x000000074cc00000, 0x000000074ce00000, 0x000000074ce00000|100%| O|  |TAMS 0x000000074cc00000| PB 0x000000074cc00000| Untracked |  0
| 103|0x000000074ce00000, 0x000000074d000000, 0x000000074d000000|100%| O|  |TAMS 0x000000074ce00000| PB 0x000000074ce00000| Untracked |  0
| 104|0x000000074d000000, 0x000000074d200000, 0x000000074d200000|100%|HS|  |TAMS 0x000000074d000000| PB 0x000000074d000000| Complete |  0
| 105|0x000000074d200000, 0x000000074d400000, 0x000000074d400000|100%|HC|  |TAMS 0x000000074d200000| PB 0x000000074d200000| Complete |  0
| 106|0x000000074d400000, 0x000000074d600000, 0x000000074d600000|100%|HC|  |TAMS 0x000000074d400000| PB 0x000000074d400000| Complete |  0
| 107|0x000000074d600000, 0x000000074d800000, 0x000000074d800000|100%|HC|  |TAMS 0x000000074d600000| PB 0x000000074d600000| Complete |  0
| 108|0x000000074d800000, 0x000000074da00000, 0x000000074da00000|100%|HC|  |TAMS 0x000000074d800000| PB 0x000000074d800000| Complete |  0
| 109|0x000000074da00000, 0x000000074dc00000, 0x000000074dc00000|100%|HC|  |TAMS 0x000000074da00000| PB 0x000000074da00000| Complete |  0
| 110|0x000000074dc00000, 0x000000074de00000, 0x000000074de00000|100%|HC|  |TAMS 0x000000074dc00000| PB 0x000000074dc00000| Complete |  0
| 111|0x000000074de00000, 0x000000074e000000, 0x000000074e000000|100%|HC|  |TAMS 0x000000074de00000| PB 0x000000074de00000| Complete |  0
| 112|0x000000074e000000, 0x000000074e200000, 0x000000074e200000|100%|HC|  |TAMS 0x000000074e000000| PB 0x000000074e000000| Complete |  0
| 113|0x000000074e200000, 0x000000074e400000, 0x000000074e400000|100%|HC|  |TAMS 0x000000074e200000| PB 0x000000074e200000| Complete |  0
| 114|0x000000074e400000, 0x000000074e600000, 0x000000074e600000|100%|HC|  |TAMS 0x000000074e400000| PB 0x000000074e400000| Complete |  0
| 115|0x000000074e600000, 0x000000074e800000, 0x000000074e800000|100%|HC|  |TAMS 0x000000074e600000| PB 0x000000074e600000| Complete |  0
| 116|0x000000074e800000, 0x000000074ea00000, 0x000000074ea00000|100%|HC|  |TAMS 0x000000074e800000| PB 0x000000074e800000| Complete |  0
| 117|0x000000074ea00000, 0x000000074ec00000, 0x000000074ec00000|100%| O|  |TAMS 0x000000074ea00000| PB 0x000000074ea00000| Untracked |  0
| 118|0x000000074ec00000, 0x000000074ee00000, 0x000000074ee00000|100%| O|  |TAMS 0x000000074ec00000| PB 0x000000074ec00000| Untracked |  0
| 119|0x000000074ee00000, 0x000000074f000000, 0x000000074f000000|100%| O|  |TAMS 0x000000074ee00000| PB 0x000000074ee00000| Untracked |  0
| 120|0x000000074f000000, 0x000000074f200000, 0x000000074f200000|100%| O|  |TAMS 0x000000074f000000| PB 0x000000074f000000| Untracked |  0
| 121|0x000000074f200000, 0x000000074f400000, 0x000000074f400000|100%| O|  |TAMS 0x000000074f200000| PB 0x000000074f200000| Untracked |  0
| 122|0x000000074f400000, 0x000000074f600000, 0x000000074f600000|100%| O|  |TAMS 0x000000074f400000| PB 0x000000074f400000| Untracked |  0
| 123|0x000000074f600000, 0x000000074f600000, 0x000000074f800000|  0%| F|  |TAMS 0x000000074f600000| PB 0x000000074f600000| Untracked |  0
| 124|0x000000074f800000, 0x000000074fa00000, 0x000000074fa00000|100%| O|Cm|TAMS 0x000000074f800000| PB 0x000000074f800000| Complete |  0
| 125|0x000000074fa00000, 0x000000074fc00000, 0x000000074fc00000|100%| O|  |TAMS 0x000000074fa00000| PB 0x000000074fa00000| Untracked |  0
| 126|0x000000074fc00000, 0x000000074fe00000, 0x000000074fe00000|100%| O|  |TAMS 0x000000074fc00000| PB 0x000000074fc00000| Untracked |  0
| 127|0x000000074fe00000, 0x000000074fe00000, 0x0000000750000000|  0%| F|  |TAMS 0x000000074fe00000| PB 0x000000074fe00000| Untracked |  0
| 128|0x0000000750000000, 0x0000000750000000, 0x0000000750200000|  0%| F|  |TAMS 0x0000000750000000| PB 0x0000000750000000| Untracked |  0
| 129|0x0000000750200000, 0x0000000750200000, 0x0000000750400000|  0%| F|  |TAMS 0x0000000750200000| PB 0x0000000750200000| Untracked |  0
| 130|0x0000000750400000, 0x0000000750400000, 0x0000000750600000|  0%| F|  |TAMS 0x0000000750400000| PB 0x0000000750400000| Untracked |  0
| 131|0x0000000750600000, 0x0000000750600000, 0x0000000750800000|  0%| F|  |TAMS 0x0000000750600000| PB 0x0000000750600000| Untracked |  0
| 132|0x0000000750800000, 0x0000000750800000, 0x0000000750a00000|  0%| F|  |TAMS 0x0000000750800000| PB 0x0000000750800000| Untracked |  0
| 133|0x0000000750a00000, 0x0000000750a00000, 0x0000000750c00000|  0%| F|  |TAMS 0x0000000750a00000| PB 0x0000000750a00000| Untracked |  0
| 134|0x0000000750c00000, 0x0000000750c00000, 0x0000000750e00000|  0%| F|  |TAMS 0x0000000750c00000| PB 0x0000000750c00000| Untracked |  0
| 135|0x0000000750e00000, 0x0000000750e00000, 0x0000000751000000|  0%| F|  |TAMS 0x0000000750e00000| PB 0x0000000750e00000| Untracked |  0
| 136|0x0000000751000000, 0x0000000751000000, 0x0000000751200000|  0%| F|  |TAMS 0x0000000751000000| PB 0x0000000751000000| Untracked |  0
| 137|0x0000000751200000, 0x0000000751200000, 0x0000000751400000|  0%| F|  |TAMS 0x0000000751200000| PB 0x0000000751200000| Untracked |  0
| 138|0x0000000751400000, 0x0000000751400000, 0x0000000751600000|  0%| F|  |TAMS 0x0000000751400000| PB 0x0000000751400000| Untracked |  0
| 139|0x0000000751600000, 0x0000000751600000, 0x0000000751800000|  0%| F|  |TAMS 0x0000000751600000| PB 0x0000000751600000| Untracked |  0
| 140|0x0000000751800000, 0x0000000751a00000, 0x0000000751a00000|100%| O|  |TAMS 0x0000000751800000| PB 0x0000000751800000| Untracked |  0
| 141|0x0000000751a00000, 0x0000000751c00000, 0x0000000751c00000|100%| O|  |TAMS 0x0000000751a00000| PB 0x0000000751a00000| Untracked |  0
| 142|0x0000000751c00000, 0x0000000751e00000, 0x0000000751e00000|100%| O|  |TAMS 0x0000000751c00000| PB 0x0000000751c00000| Untracked |  0
| 143|0x0000000751e00000, 0x0000000752000000, 0x0000000752000000|100%| O|  |TAMS 0x0000000751e00000| PB 0x0000000751e00000| Untracked |  0
| 144|0x0000000752000000, 0x0000000752200000, 0x0000000752200000|100%| O|  |TAMS 0x0000000752000000| PB 0x0000000752000000| Untracked |  0
| 145|0x0000000752200000, 0x0000000752400000, 0x0000000752400000|100%| O|  |TAMS 0x0000000752200000| PB 0x0000000752200000| Untracked |  0
| 146|0x0000000752400000, 0x0000000752600000, 0x0000000752600000|100%| O|  |TAMS 0x0000000752400000| PB 0x0000000752400000| Untracked |  0
| 147|0x0000000752600000, 0x0000000752800000, 0x0000000752800000|100%| O|  |TAMS 0x0000000752600000| PB 0x0000000752600000| Untracked |  0
| 148|0x0000000752800000, 0x0000000752a00000, 0x0000000752a00000|100%| O|  |TAMS 0x0000000752800000| PB 0x0000000752800000| Untracked |  0
| 149|0x0000000752a00000, 0x0000000752a00000, 0x0000000752c00000|  0%| F|  |TAMS 0x0000000752a00000| PB 0x0000000752a00000| Untracked |  0
| 150|0x0000000752c00000, 0x0000000752c00000, 0x0000000752e00000|  0%| F|  |TAMS 0x0000000752c00000| PB 0x0000000752c00000| Untracked |  0
| 151|0x0000000752e00000, 0x0000000752e00000, 0x0000000753000000|  0%| F|  |TAMS 0x0000000752e00000| PB 0x0000000752e00000| Untracked |  0
| 152|0x0000000753000000, 0x0000000753200000, 0x0000000753200000|100%| O|  |TAMS 0x0000000753000000| PB 0x0000000753000000| Untracked |  0
| 153|0x0000000753200000, 0x0000000753400000, 0x0000000753400000|100%| O|  |TAMS 0x0000000753200000| PB 0x0000000753200000| Untracked |  0
| 154|0x0000000753400000, 0x0000000753600000, 0x0000000753600000|100%| O|  |TAMS 0x0000000753400000| PB 0x0000000753400000| Untracked |  0
| 155|0x0000000753600000, 0x0000000753800000, 0x0000000753800000|100%| O|  |TAMS 0x0000000753600000| PB 0x0000000753600000| Untracked |  0
| 156|0x0000000753800000, 0x0000000753a00000, 0x0000000753a00000|100%| O|  |TAMS 0x0000000753800000| PB 0x0000000753800000| Untracked |  0
| 157|0x0000000753a00000, 0x0000000753c00000, 0x0000000753c00000|100%| O|  |TAMS 0x0000000753a00000| PB 0x0000000753a00000| Untracked |  0
| 158|0x0000000753c00000, 0x0000000753c00000, 0x0000000753e00000|  0%| F|  |TAMS 0x0000000753c00000| PB 0x0000000753c00000| Untracked |  0
| 159|0x0000000753e00000, 0x0000000754000000, 0x0000000754000000|100%| O|  |TAMS 0x0000000753e00000| PB 0x0000000753e00000| Untracked |  0
| 160|0x0000000754000000, 0x0000000754200000, 0x0000000754200000|100%| O|  |TAMS 0x0000000754000000| PB 0x0000000754000000| Untracked |  0
| 161|0x0000000754200000, 0x0000000754400000, 0x0000000754400000|100%| O|  |TAMS 0x0000000754200000| PB 0x0000000754200000| Untracked |  0
| 162|0x0000000754400000, 0x0000000754600000, 0x0000000754600000|100%| O|  |TAMS 0x0000000754400000| PB 0x0000000754400000| Untracked |  0
| 163|0x0000000754600000, 0x0000000754800000, 0x0000000754800000|100%| O|  |TAMS 0x0000000754600000| PB 0x0000000754600000| Untracked |  0
| 164|0x0000000754800000, 0x0000000754a00000, 0x0000000754a00000|100%| O|  |TAMS 0x0000000754800000| PB 0x0000000754800000| Untracked |  0
| 165|0x0000000754a00000, 0x0000000754c00000, 0x0000000754c00000|100%| O|  |TAMS 0x0000000754a00000| PB 0x0000000754a00000| Untracked |  0
| 166|0x0000000754c00000, 0x0000000754e00000, 0x0000000754e00000|100%| O|  |TAMS 0x0000000754c00000| PB 0x0000000754c00000| Untracked |  0
| 167|0x0000000754e00000, 0x0000000755000000, 0x0000000755000000|100%| O|  |TAMS 0x0000000754e00000| PB 0x0000000754e00000| Untracked |  0
| 168|0x0000000755000000, 0x0000000755200000, 0x0000000755200000|100%| O|  |TAMS 0x0000000755000000| PB 0x0000000755000000| Untracked |  0
| 169|0x0000000755200000, 0x0000000755400000, 0x0000000755400000|100%| O|  |TAMS 0x0000000755200000| PB 0x0000000755200000| Untracked |  0
| 170|0x0000000755400000, 0x0000000755600000, 0x0000000755600000|100%| O|  |TAMS 0x0000000755400000| PB 0x0000000755400000| Untracked |  0
| 171|0x0000000755600000, 0x0000000755800000, 0x0000000755800000|100%| O|  |TAMS 0x0000000755600000| PB 0x0000000755600000| Untracked |  0
| 172|0x0000000755800000, 0x0000000755a00000, 0x0000000755a00000|100%| O|  |TAMS 0x0000000755800000| PB 0x0000000755800000| Untracked |  0
| 173|0x0000000755a00000, 0x0000000755c00000, 0x0000000755c00000|100%| O|  |TAMS 0x0000000755a00000| PB 0x0000000755a00000| Untracked |  0
| 174|0x0000000755c00000, 0x0000000755e00000, 0x0000000755e00000|100%| O|  |TAMS 0x0000000755c00000| PB 0x0000000755c00000| Untracked |  0
| 175|0x0000000755e00000, 0x0000000756000000, 0x0000000756000000|100%| O|  |TAMS 0x0000000755e00000| PB 0x0000000755e00000| Untracked |  0
| 176|0x0000000756000000, 0x0000000756200000, 0x0000000756200000|100%| O|  |TAMS 0x0000000756000000| PB 0x0000000756000000| Untracked |  0
| 177|0x0000000756200000, 0x0000000756400000, 0x0000000756400000|100%| O|  |TAMS 0x0000000756200000| PB 0x0000000756200000| Untracked |  0
| 178|0x0000000756400000, 0x0000000756600000, 0x0000000756600000|100%| O|  |TAMS 0x0000000756400000| PB 0x0000000756400000| Untracked |  0
| 179|0x0000000756600000, 0x0000000756800000, 0x0000000756800000|100%|HS|  |TAMS 0x0000000756600000| PB 0x0000000756600000| Complete |  0
| 180|0x0000000756800000, 0x0000000756a00000, 0x0000000756a00000|100%|HS|  |TAMS 0x0000000756800000| PB 0x0000000756800000| Complete |  0
| 181|0x0000000756a00000, 0x0000000756c00000, 0x0000000756c00000|100%|HS|  |TAMS 0x0000000756a00000| PB 0x0000000756a00000| Complete |  0
| 182|0x0000000756c00000, 0x0000000756e00000, 0x0000000756e00000|100%|HC|  |TAMS 0x0000000756c00000| PB 0x0000000756c00000| Complete |  0
| 183|0x0000000756e00000, 0x0000000757000000, 0x0000000757000000|100%|HS|  |TAMS 0x0000000756e00000| PB 0x0000000756e00000| Complete |  0
| 184|0x0000000757000000, 0x0000000757200000, 0x0000000757200000|100%|HC|  |TAMS 0x0000000757000000| PB 0x0000000757000000| Complete |  0
| 185|0x0000000757200000, 0x0000000757400000, 0x0000000757400000|100%|HC|  |TAMS 0x0000000757200000| PB 0x0000000757200000| Complete |  0
| 186|0x0000000757400000, 0x0000000757600000, 0x0000000757600000|100%|HS|  |TAMS 0x0000000757400000| PB 0x0000000757400000| Complete |  0
| 187|0x0000000757600000, 0x0000000757800000, 0x0000000757800000|100%|HC|  |TAMS 0x0000000757600000| PB 0x0000000757600000| Complete |  0
| 188|0x0000000757800000, 0x0000000757a00000, 0x0000000757a00000|100%|HC|  |TAMS 0x0000000757800000| PB 0x0000000757800000| Complete |  0
| 189|0x0000000757a00000, 0x0000000757c00000, 0x0000000757c00000|100%|HC|  |TAMS 0x0000000757a00000| PB 0x0000000757a00000| Complete |  0
| 190|0x0000000757c00000, 0x0000000757e00000, 0x0000000757e00000|100%|HS|  |TAMS 0x0000000757c00000| PB 0x0000000757c00000| Complete |  0
| 191|0x0000000757e00000, 0x0000000758000000, 0x0000000758000000|100%|HS|  |TAMS 0x0000000757e00000| PB 0x0000000757e00000| Complete |  0
| 192|0x0000000758000000, 0x0000000758000000, 0x0000000758200000|  0%| F|  |TAMS 0x0000000758000000| PB 0x0000000758000000| Untracked |  0
| 193|0x0000000758200000, 0x0000000758200000, 0x0000000758400000|  0%| F|  |TAMS 0x0000000758200000| PB 0x0000000758200000| Untracked |  0
| 194|0x0000000758400000, 0x0000000758400000, 0x0000000758600000|  0%| F|  |TAMS 0x0000000758400000| PB 0x0000000758400000| Untracked |  0
| 195|0x0000000758600000, 0x0000000758600000, 0x0000000758800000|  0%| F|  |TAMS 0x0000000758600000| PB 0x0000000758600000| Untracked |  0
| 196|0x0000000758800000, 0x0000000758800000, 0x0000000758a00000|  0%| F|  |TAMS 0x0000000758800000| PB 0x0000000758800000| Untracked |  0
| 197|0x0000000758a00000, 0x0000000758a00000, 0x0000000758c00000|  0%| F|  |TAMS 0x0000000758a00000| PB 0x0000000758a00000| Untracked |  0
| 198|0x0000000758c00000, 0x0000000758c00000, 0x0000000758e00000|  0%| F|  |TAMS 0x0000000758c00000| PB 0x0000000758c00000| Untracked |  0
| 199|0x0000000758e00000, 0x0000000758e00000, 0x0000000759000000|  0%| F|  |TAMS 0x0000000758e00000| PB 0x0000000758e00000| Untracked |  0
| 200|0x0000000759000000, 0x0000000759000000, 0x0000000759200000|  0%| F|  |TAMS 0x0000000759000000| PB 0x0000000759000000| Untracked |  0
| 201|0x0000000759200000, 0x0000000759200000, 0x0000000759400000|  0%| F|  |TAMS 0x0000000759200000| PB 0x0000000759200000| Untracked |  0
| 202|0x0000000759400000, 0x0000000759400000, 0x0000000759600000|  0%| F|  |TAMS 0x0000000759400000| PB 0x0000000759400000| Untracked |  0
| 203|0x0000000759600000, 0x0000000759600000, 0x0000000759800000|  0%| F|  |TAMS 0x0000000759600000| PB 0x0000000759600000| Untracked |  0
| 204|0x0000000759800000, 0x0000000759800000, 0x0000000759a00000|  0%| F|  |TAMS 0x0000000759800000| PB 0x0000000759800000| Untracked |  0
| 205|0x0000000759a00000, 0x0000000759a00000, 0x0000000759c00000|  0%| F|  |TAMS 0x0000000759a00000| PB 0x0000000759a00000| Untracked |  0
| 206|0x0000000759c00000, 0x0000000759c00000, 0x0000000759e00000|  0%| F|  |TAMS 0x0000000759c00000| PB 0x0000000759c00000| Untracked |  0
| 207|0x0000000759e00000, 0x0000000759e00000, 0x000000075a000000|  0%| F|  |TAMS 0x0000000759e00000| PB 0x0000000759e00000| Untracked |  0
| 208|0x000000075a000000, 0x000000075a000000, 0x000000075a200000|  0%| F|  |TAMS 0x000000075a000000| PB 0x000000075a000000| Untracked |  0
| 209|0x000000075a200000, 0x000000075a200000, 0x000000075a400000|  0%| F|  |TAMS 0x000000075a200000| PB 0x000000075a200000| Untracked |  0
| 210|0x000000075a400000, 0x000000075a400000, 0x000000075a600000|  0%| F|  |TAMS 0x000000075a400000| PB 0x000000075a400000| Untracked |  0
| 211|0x000000075a600000, 0x000000075a600000, 0x000000075a800000|  0%| F|  |TAMS 0x000000075a600000| PB 0x000000075a600000| Untracked |  0
| 212|0x000000075a800000, 0x000000075a800000, 0x000000075aa00000|  0%| F|  |TAMS 0x000000075a800000| PB 0x000000075a800000| Untracked |  0
| 213|0x000000075aa00000, 0x000000075aa00000, 0x000000075ac00000|  0%| F|  |TAMS 0x000000075aa00000| PB 0x000000075aa00000| Untracked |  0
| 214|0x000000075ac00000, 0x000000075ac00000, 0x000000075ae00000|  0%| F|  |TAMS 0x000000075ac00000| PB 0x000000075ac00000| Untracked |  0
| 215|0x000000075ae00000, 0x000000075ae00000, 0x000000075b000000|  0%| F|  |TAMS 0x000000075ae00000| PB 0x000000075ae00000| Untracked |  0
| 216|0x000000075b000000, 0x000000075b000000, 0x000000075b200000|  0%| F|  |TAMS 0x000000075b000000| PB 0x000000075b000000| Untracked |  0
| 217|0x000000075b200000, 0x000000075b200000, 0x000000075b400000|  0%| F|  |TAMS 0x000000075b200000| PB 0x000000075b200000| Untracked |  0
| 218|0x000000075b400000, 0x000000075b400000, 0x000000075b600000|  0%| F|  |TAMS 0x000000075b400000| PB 0x000000075b400000| Untracked |  0
| 219|0x000000075b600000, 0x000000075b600000, 0x000000075b800000|  0%| F|  |TAMS 0x000000075b600000| PB 0x000000075b600000| Untracked |  0
| 220|0x000000075b800000, 0x000000075b800000, 0x000000075ba00000|  0%| F|  |TAMS 0x000000075b800000| PB 0x000000075b800000| Untracked |  0
| 221|0x000000075ba00000, 0x000000075ba00000, 0x000000075bc00000|  0%| F|  |TAMS 0x000000075ba00000| PB 0x000000075ba00000| Untracked |  0
| 222|0x000000075bc00000, 0x000000075bc00000, 0x000000075be00000|  0%| F|  |TAMS 0x000000075bc00000| PB 0x000000075bc00000| Untracked |  0
| 223|0x000000075be00000, 0x000000075be00000, 0x000000075c000000|  0%| F|  |TAMS 0x000000075be00000| PB 0x000000075be00000| Untracked |  0
| 224|0x000000075c000000, 0x000000075c000000, 0x000000075c200000|  0%| F|  |TAMS 0x000000075c000000| PB 0x000000075c000000| Untracked |  0
| 225|0x000000075c200000, 0x000000075c200000, 0x000000075c400000|  0%| F|  |TAMS 0x000000075c200000| PB 0x000000075c200000| Untracked |  0
| 226|0x000000075c400000, 0x000000075c400000, 0x000000075c600000|  0%| F|  |TAMS 0x000000075c400000| PB 0x000000075c400000| Untracked |  0
| 227|0x000000075c600000, 0x000000075c600000, 0x000000075c800000|  0%| F|  |TAMS 0x000000075c600000| PB 0x000000075c600000| Untracked |  0
| 228|0x000000075c800000, 0x000000075c800000, 0x000000075ca00000|  0%| F|  |TAMS 0x000000075c800000| PB 0x000000075c800000| Untracked |  0
| 229|0x000000075ca00000, 0x000000075ca00000, 0x000000075cc00000|  0%| F|  |TAMS 0x000000075ca00000| PB 0x000000075ca00000| Untracked |  0
| 230|0x000000075cc00000, 0x000000075cc00000, 0x000000075ce00000|  0%| F|  |TAMS 0x000000075cc00000| PB 0x000000075cc00000| Untracked |  0
| 231|0x000000075ce00000, 0x000000075ce00000, 0x000000075d000000|  0%| F|  |TAMS 0x000000075ce00000| PB 0x000000075ce00000| Untracked |  0
| 232|0x000000075d000000, 0x000000075d000000, 0x000000075d200000|  0%| F|  |TAMS 0x000000075d000000| PB 0x000000075d000000| Untracked |  0
| 233|0x000000075d200000, 0x000000075d200000, 0x000000075d400000|  0%| F|  |TAMS 0x000000075d200000| PB 0x000000075d200000| Untracked |  0
| 234|0x000000075d400000, 0x000000075d400000, 0x000000075d600000|  0%| F|  |TAMS 0x000000075d400000| PB 0x000000075d400000| Untracked |  0
| 235|0x000000075d600000, 0x000000075d600000, 0x000000075d800000|  0%| F|  |TAMS 0x000000075d600000| PB 0x000000075d600000| Untracked |  0
| 236|0x000000075d800000, 0x000000075d800000, 0x000000075da00000|  0%| F|  |TAMS 0x000000075d800000| PB 0x000000075d800000| Untracked |  0
| 237|0x000000075da00000, 0x000000075da00000, 0x000000075dc00000|  0%| F|  |TAMS 0x000000075da00000| PB 0x000000075da00000| Untracked |  0
| 238|0x000000075dc00000, 0x000000075dc00000, 0x000000075de00000|  0%| F|  |TAMS 0x000000075dc00000| PB 0x000000075dc00000| Untracked |  0
| 239|0x000000075de00000, 0x000000075de00000, 0x000000075e000000|  0%| F|  |TAMS 0x000000075de00000| PB 0x000000075de00000| Untracked |  0
| 240|0x000000075e000000, 0x000000075e000000, 0x000000075e200000|  0%| F|  |TAMS 0x000000075e000000| PB 0x000000075e000000| Untracked |  0
| 241|0x000000075e200000, 0x000000075e200000, 0x000000075e400000|  0%| F|  |TAMS 0x000000075e200000| PB 0x000000075e200000| Untracked |  0
| 242|0x000000075e400000, 0x000000075e400000, 0x000000075e600000|  0%| F|  |TAMS 0x000000075e400000| PB 0x000000075e400000| Untracked |  0
| 243|0x000000075e600000, 0x000000075e600000, 0x000000075e800000|  0%| F|  |TAMS 0x000000075e600000| PB 0x000000075e600000| Untracked |  0
| 244|0x000000075e800000, 0x000000075e800000, 0x000000075ea00000|  0%| F|  |TAMS 0x000000075e800000| PB 0x000000075e800000| Untracked |  0
| 245|0x000000075ea00000, 0x000000075ea00000, 0x000000075ec00000|  0%| F|  |TAMS 0x000000075ea00000| PB 0x000000075ea00000| Untracked |  0
| 246|0x000000075ec00000, 0x000000075ec00000, 0x000000075ee00000|  0%| F|  |TAMS 0x000000075ec00000| PB 0x000000075ec00000| Untracked |  0
| 247|0x000000075ee00000, 0x000000075ee00000, 0x000000075f000000|  0%| F|  |TAMS 0x000000075ee00000| PB 0x000000075ee00000| Untracked |  0
| 248|0x000000075f000000, 0x000000075f000000, 0x000000075f200000|  0%| F|  |TAMS 0x000000075f000000| PB 0x000000075f000000| Untracked |  0
| 249|0x000000075f200000, 0x000000075f200000, 0x000000075f400000|  0%| F|  |TAMS 0x000000075f200000| PB 0x000000075f200000| Untracked |  0
| 250|0x000000075f400000, 0x000000075f400000, 0x000000075f600000|  0%| F|  |TAMS 0x000000075f400000| PB 0x000000075f400000| Untracked |  0
| 251|0x000000075f600000, 0x000000075f600000, 0x000000075f800000|  0%| F|  |TAMS 0x000000075f600000| PB 0x000000075f600000| Untracked |  0
| 252|0x000000075f800000, 0x000000075f800000, 0x000000075fa00000|  0%| F|  |TAMS 0x000000075f800000| PB 0x000000075f800000| Untracked |  0
| 253|0x000000075fa00000, 0x000000075fa00000, 0x000000075fc00000|  0%| F|  |TAMS 0x000000075fa00000| PB 0x000000075fa00000| Untracked |  0
| 254|0x000000075fc00000, 0x000000075fc00000, 0x000000075fe00000|  0%| F|  |TAMS 0x000000075fc00000| PB 0x000000075fc00000| Untracked |  0
| 255|0x000000075fe00000, 0x000000075fe00000, 0x0000000760000000|  0%| F|  |TAMS 0x000000075fe00000| PB 0x000000075fe00000| Untracked |  0
| 256|0x0000000760000000, 0x0000000760200000, 0x0000000760200000|100%| O|  |TAMS 0x0000000760000000| PB 0x0000000760000000| Untracked |  0
| 257|0x0000000760200000, 0x0000000760400000, 0x0000000760400000|100%| O|  |TAMS 0x0000000760200000| PB 0x0000000760200000| Untracked |  0
| 258|0x0000000760400000, 0x0000000760600000, 0x0000000760600000|100%| O|  |TAMS 0x0000000760400000| PB 0x0000000760400000| Untracked |  0
| 259|0x0000000760600000, 0x0000000760600000, 0x0000000760800000|  0%| F|  |TAMS 0x0000000760600000| PB 0x0000000760600000| Untracked |  0
| 260|0x0000000760800000, 0x0000000760800000, 0x0000000760a00000|  0%| F|  |TAMS 0x0000000760800000| PB 0x0000000760800000| Untracked |  0
| 261|0x0000000760a00000, 0x0000000760a00000, 0x0000000760c00000|  0%| F|  |TAMS 0x0000000760a00000| PB 0x0000000760a00000| Untracked |  0
| 262|0x0000000760c00000, 0x0000000760c00000, 0x0000000760e00000|  0%| F|  |TAMS 0x0000000760c00000| PB 0x0000000760c00000| Untracked |  0
| 263|0x0000000760e00000, 0x0000000760e00000, 0x0000000761000000|  0%| F|  |TAMS 0x0000000760e00000| PB 0x0000000760e00000| Untracked |  0
| 264|0x0000000761000000, 0x0000000761000000, 0x0000000761200000|  0%| F|  |TAMS 0x0000000761000000| PB 0x0000000761000000| Untracked |  0
| 265|0x0000000761200000, 0x0000000761200000, 0x0000000761400000|  0%| F|  |TAMS 0x0000000761200000| PB 0x0000000761200000| Untracked |  0
| 266|0x0000000761400000, 0x0000000761400000, 0x0000000761600000|  0%| F|  |TAMS 0x0000000761400000| PB 0x0000000761400000| Untracked |  0
| 267|0x0000000761600000, 0x0000000761600000, 0x0000000761800000|  0%| F|  |TAMS 0x0000000761600000| PB 0x0000000761600000| Untracked |  0
| 268|0x0000000761800000, 0x0000000761800000, 0x0000000761a00000|  0%| F|  |TAMS 0x0000000761800000| PB 0x0000000761800000| Untracked |  0
| 269|0x0000000761a00000, 0x0000000761a00000, 0x0000000761c00000|  0%| F|  |TAMS 0x0000000761a00000| PB 0x0000000761a00000| Untracked |  0
| 270|0x0000000761c00000, 0x0000000761c00000, 0x0000000761e00000|  0%| F|  |TAMS 0x0000000761c00000| PB 0x0000000761c00000| Untracked |  0
| 271|0x0000000761e00000, 0x0000000761e00000, 0x0000000762000000|  0%| F|  |TAMS 0x0000000761e00000| PB 0x0000000761e00000| Untracked |  0
| 272|0x0000000762000000, 0x0000000762000000, 0x0000000762200000|  0%| F|  |TAMS 0x0000000762000000| PB 0x0000000762000000| Untracked |  0
| 273|0x0000000762200000, 0x0000000762200000, 0x0000000762400000|  0%| F|  |TAMS 0x0000000762200000| PB 0x0000000762200000| Untracked |  0
| 274|0x0000000762400000, 0x0000000762400000, 0x0000000762600000|  0%| F|  |TAMS 0x0000000762400000| PB 0x0000000762400000| Untracked |  0
| 275|0x0000000762600000, 0x0000000762600000, 0x0000000762800000|  0%| F|  |TAMS 0x0000000762600000| PB 0x0000000762600000| Untracked |  0
| 276|0x0000000762800000, 0x0000000762800000, 0x0000000762a00000|  0%| F|  |TAMS 0x0000000762800000| PB 0x0000000762800000| Untracked |  0
| 277|0x0000000762a00000, 0x0000000762a00000, 0x0000000762c00000|  0%| F|  |TAMS 0x0000000762a00000| PB 0x0000000762a00000| Untracked |  0
| 278|0x0000000762c00000, 0x0000000762c00000, 0x0000000762e00000|  0%| F|  |TAMS 0x0000000762c00000| PB 0x0000000762c00000| Untracked |  0
| 279|0x0000000762e00000, 0x0000000762e00000, 0x0000000763000000|  0%| F|  |TAMS 0x0000000762e00000| PB 0x0000000762e00000| Untracked |  0
| 280|0x0000000763000000, 0x0000000763000000, 0x0000000763200000|  0%| F|  |TAMS 0x0000000763000000| PB 0x0000000763000000| Untracked |  0
| 281|0x0000000763200000, 0x0000000763200000, 0x0000000763400000|  0%| F|  |TAMS 0x0000000763200000| PB 0x0000000763200000| Untracked |  0
| 282|0x0000000763400000, 0x0000000763400000, 0x0000000763600000|  0%| F|  |TAMS 0x0000000763400000| PB 0x0000000763400000| Untracked |  0
| 283|0x0000000763600000, 0x0000000763600000, 0x0000000763800000|  0%| F|  |TAMS 0x0000000763600000| PB 0x0000000763600000| Untracked |  0
| 284|0x0000000763800000, 0x0000000763800000, 0x0000000763a00000|  0%| F|  |TAMS 0x0000000763800000| PB 0x0000000763800000| Untracked |  0
| 285|0x0000000763a00000, 0x0000000763a00000, 0x0000000763c00000|  0%| F|  |TAMS 0x0000000763a00000| PB 0x0000000763a00000| Untracked |  0
| 286|0x0000000763c00000, 0x0000000763c00000, 0x0000000763e00000|  0%| F|  |TAMS 0x0000000763c00000| PB 0x0000000763c00000| Untracked |  0
| 287|0x0000000763e00000, 0x0000000763e00000, 0x0000000764000000|  0%| F|  |TAMS 0x0000000763e00000| PB 0x0000000763e00000| Untracked |  0
| 288|0x0000000764000000, 0x0000000764000000, 0x0000000764200000|  0%| F|  |TAMS 0x0000000764000000| PB 0x0000000764000000| Untracked |  0
| 289|0x0000000764200000, 0x0000000764200000, 0x0000000764400000|  0%| F|  |TAMS 0x0000000764200000| PB 0x0000000764200000| Untracked |  0
| 290|0x0000000764400000, 0x0000000764400000, 0x0000000764600000|  0%| F|  |TAMS 0x0000000764400000| PB 0x0000000764400000| Untracked |  0
| 291|0x0000000764600000, 0x0000000764600000, 0x0000000764800000|  0%| F|  |TAMS 0x0000000764600000| PB 0x0000000764600000| Untracked |  0
| 292|0x0000000764800000, 0x0000000764800000, 0x0000000764a00000|  0%| F|  |TAMS 0x0000000764800000| PB 0x0000000764800000| Untracked |  0
| 293|0x0000000764a00000, 0x0000000764a00000, 0x0000000764c00000|  0%| F|  |TAMS 0x0000000764a00000| PB 0x0000000764a00000| Untracked |  0
| 294|0x0000000764c00000, 0x0000000764c00000, 0x0000000764e00000|  0%| F|  |TAMS 0x0000000764c00000| PB 0x0000000764c00000| Untracked |  0
| 295|0x0000000764e00000, 0x0000000764e00000, 0x0000000765000000|  0%| F|  |TAMS 0x0000000764e00000| PB 0x0000000764e00000| Untracked |  0
| 296|0x0000000765000000, 0x0000000765000000, 0x0000000765200000|  0%| F|  |TAMS 0x0000000765000000| PB 0x0000000765000000| Untracked |  0
| 297|0x0000000765200000, 0x0000000765200000, 0x0000000765400000|  0%| F|  |TAMS 0x0000000765200000| PB 0x0000000765200000| Untracked |  0
| 298|0x0000000765400000, 0x0000000765400000, 0x0000000765600000|  0%| F|  |TAMS 0x0000000765400000| PB 0x0000000765400000| Untracked |  0
| 299|0x0000000765600000, 0x0000000765600000, 0x0000000765800000|  0%| F|  |TAMS 0x0000000765600000| PB 0x0000000765600000| Untracked |  0
| 300|0x0000000765800000, 0x0000000765800000, 0x0000000765a00000|  0%| F|  |TAMS 0x0000000765800000| PB 0x0000000765800000| Untracked |  0
| 301|0x0000000765a00000, 0x0000000765a00000, 0x0000000765c00000|  0%| F|  |TAMS 0x0000000765a00000| PB 0x0000000765a00000| Untracked |  0
| 302|0x0000000765c00000, 0x0000000765c00000, 0x0000000765e00000|  0%| F|  |TAMS 0x0000000765c00000| PB 0x0000000765c00000| Untracked |  0
| 303|0x0000000765e00000, 0x0000000765e00000, 0x0000000766000000|  0%| F|  |TAMS 0x0000000765e00000| PB 0x0000000765e00000| Untracked |  0
| 304|0x0000000766000000, 0x0000000766000000, 0x0000000766200000|  0%| F|  |TAMS 0x0000000766000000| PB 0x0000000766000000| Untracked |  0
| 305|0x0000000766200000, 0x0000000766200000, 0x0000000766400000|  0%| F|  |TAMS 0x0000000766200000| PB 0x0000000766200000| Untracked |  0
| 306|0x0000000766400000, 0x0000000766400000, 0x0000000766600000|  0%| F|  |TAMS 0x0000000766400000| PB 0x0000000766400000| Untracked |  0
| 307|0x0000000766600000, 0x0000000766600000, 0x0000000766800000|  0%| F|  |TAMS 0x0000000766600000| PB 0x0000000766600000| Untracked |  0
| 308|0x0000000766800000, 0x0000000766800000, 0x0000000766a00000|  0%| F|  |TAMS 0x0000000766800000| PB 0x0000000766800000| Untracked |  0
| 309|0x0000000766a00000, 0x0000000766a00000, 0x0000000766c00000|  0%| F|  |TAMS 0x0000000766a00000| PB 0x0000000766a00000| Untracked |  0
| 310|0x0000000766c00000, 0x0000000766c00000, 0x0000000766e00000|  0%| F|  |TAMS 0x0000000766c00000| PB 0x0000000766c00000| Untracked |  0
| 311|0x0000000766e00000, 0x0000000766e00000, 0x0000000767000000|  0%| F|  |TAMS 0x0000000766e00000| PB 0x0000000766e00000| Untracked |  0
| 312|0x0000000767000000, 0x0000000767000000, 0x0000000767200000|  0%| F|  |TAMS 0x0000000767000000| PB 0x0000000767000000| Untracked |  0
| 313|0x0000000767200000, 0x0000000767200000, 0x0000000767400000|  0%| F|  |TAMS 0x0000000767200000| PB 0x0000000767200000| Untracked |  0
| 314|0x0000000767400000, 0x0000000767400000, 0x0000000767600000|  0%| F|  |TAMS 0x0000000767400000| PB 0x0000000767400000| Untracked |  0
| 315|0x0000000767600000, 0x0000000767600000, 0x0000000767800000|  0%| F|  |TAMS 0x0000000767600000| PB 0x0000000767600000| Untracked |  0
| 316|0x0000000767800000, 0x0000000767800000, 0x0000000767a00000|  0%| F|  |TAMS 0x0000000767800000| PB 0x0000000767800000| Untracked |  0
| 317|0x0000000767a00000, 0x0000000767a00000, 0x0000000767c00000|  0%| F|  |TAMS 0x0000000767a00000| PB 0x0000000767a00000| Untracked |  0
| 318|0x0000000767c00000, 0x0000000767c00000, 0x0000000767e00000|  0%| F|  |TAMS 0x0000000767c00000| PB 0x0000000767c00000| Untracked |  0
| 319|0x0000000767e00000, 0x0000000767e00000, 0x0000000768000000|  0%| F|  |TAMS 0x0000000767e00000| PB 0x0000000767e00000| Untracked |  0
| 320|0x0000000768000000, 0x0000000768000000, 0x0000000768200000|  0%| F|  |TAMS 0x0000000768000000| PB 0x0000000768000000| Untracked |  0
| 321|0x0000000768200000, 0x0000000768200000, 0x0000000768400000|  0%| F|  |TAMS 0x0000000768200000| PB 0x0000000768200000| Untracked |  0
| 322|0x0000000768400000, 0x0000000768400000, 0x0000000768600000|  0%| F|  |TAMS 0x0000000768400000| PB 0x0000000768400000| Untracked |  0
| 323|0x0000000768600000, 0x0000000768600000, 0x0000000768800000|  0%| F|  |TAMS 0x0000000768600000| PB 0x0000000768600000| Untracked |  0
| 324|0x0000000768800000, 0x0000000768800000, 0x0000000768a00000|  0%| F|  |TAMS 0x0000000768800000| PB 0x0000000768800000| Untracked |  0
| 325|0x0000000768a00000, 0x0000000768a00000, 0x0000000768c00000|  0%| F|  |TAMS 0x0000000768a00000| PB 0x0000000768a00000| Untracked |  0
| 326|0x0000000768c00000, 0x0000000768c00000, 0x0000000768e00000|  0%| F|  |TAMS 0x0000000768c00000| PB 0x0000000768c00000| Untracked |  0
| 327|0x0000000768e00000, 0x0000000768e00000, 0x0000000769000000|  0%| F|  |TAMS 0x0000000768e00000| PB 0x0000000768e00000| Untracked |  0
| 328|0x0000000769000000, 0x0000000769000000, 0x0000000769200000|  0%| F|  |TAMS 0x0000000769000000| PB 0x0000000769000000| Untracked |  0
| 329|0x0000000769200000, 0x0000000769200000, 0x0000000769400000|  0%| F|  |TAMS 0x0000000769200000| PB 0x0000000769200000| Untracked |  0
| 330|0x0000000769400000, 0x0000000769600000, 0x0000000769600000|100%| O|  |TAMS 0x0000000769400000| PB 0x0000000769400000| Untracked |  0
| 331|0x0000000769600000, 0x0000000769800000, 0x0000000769800000|100%| O|  |TAMS 0x0000000769600000| PB 0x0000000769600000| Untracked |  0
| 332|0x0000000769800000, 0x0000000769a00000, 0x0000000769a00000|100%| O|  |TAMS 0x0000000769800000| PB 0x0000000769800000| Untracked |  0
| 333|0x0000000769a00000, 0x0000000769c00000, 0x0000000769c00000|100%| O|Cm|TAMS 0x0000000769a00000| PB 0x0000000769a00000| Complete |  0
| 334|0x0000000769c00000, 0x0000000769e00000, 0x0000000769e00000|100%| O|  |TAMS 0x0000000769c00000| PB 0x0000000769c00000| Untracked |  0
| 335|0x0000000769e00000, 0x000000076a000000, 0x000000076a000000|100%| O|  |TAMS 0x0000000769e00000| PB 0x0000000769e00000| Untracked |  0
| 336|0x000000076a000000, 0x000000076a200000, 0x000000076a200000|100%| O|  |TAMS 0x000000076a000000| PB 0x000000076a000000| Untracked |  0
| 337|0x000000076a200000, 0x000000076a400000, 0x000000076a400000|100%| O|  |TAMS 0x000000076a200000| PB 0x000000076a200000| Untracked |  0
| 338|0x000000076a400000, 0x000000076a600000, 0x000000076a600000|100%| O|  |TAMS 0x000000076a400000| PB 0x000000076a400000| Untracked |  0
| 339|0x000000076a600000, 0x000000076a800000, 0x000000076a800000|100%| O|  |TAMS 0x000000076a600000| PB 0x000000076a600000| Untracked |  0
| 340|0x000000076a800000, 0x000000076aa00000, 0x000000076aa00000|100%| O|  |TAMS 0x000000076a800000| PB 0x000000076a800000| Untracked |  0
| 341|0x000000076aa00000, 0x000000076ac00000, 0x000000076ac00000|100%| O|  |TAMS 0x000000076aa00000| PB 0x000000076aa00000| Untracked |  0
| 342|0x000000076ac00000, 0x000000076ae00000, 0x000000076ae00000|100%| O|  |TAMS 0x000000076ac00000| PB 0x000000076ac00000| Untracked |  0
| 343|0x000000076ae00000, 0x000000076b000000, 0x000000076b000000|100%| O|  |TAMS 0x000000076ae00000| PB 0x000000076ae00000| Untracked |  0
| 344|0x000000076b000000, 0x000000076b200000, 0x000000076b200000|100%| O|  |TAMS 0x000000076b000000| PB 0x000000076b000000| Untracked |  0
| 345|0x000000076b200000, 0x000000076b400000, 0x000000076b400000|100%| O|  |TAMS 0x000000076b200000| PB 0x000000076b200000| Untracked |  0
| 346|0x000000076b400000, 0x000000076b600000, 0x000000076b600000|100%| O|  |TAMS 0x000000076b400000| PB 0x000000076b400000| Untracked |  0
| 347|0x000000076b600000, 0x000000076b800000, 0x000000076b800000|100%| O|  |TAMS 0x000000076b600000| PB 0x000000076b600000| Untracked |  0
| 348|0x000000076b800000, 0x000000076ba00000, 0x000000076ba00000|100%| O|  |TAMS 0x000000076b800000| PB 0x000000076b800000| Untracked |  0
| 349|0x000000076ba00000, 0x000000076bc00000, 0x000000076bc00000|100%| O|  |TAMS 0x000000076ba00000| PB 0x000000076ba00000| Untracked |  0
| 350|0x000000076bc00000, 0x000000076be00000, 0x000000076be00000|100%| O|  |TAMS 0x000000076bc00000| PB 0x000000076bc00000| Untracked |  0
| 351|0x000000076be00000, 0x000000076c000000, 0x000000076c000000|100%| O|  |TAMS 0x000000076be00000| PB 0x000000076be00000| Untracked |  0
| 352|0x000000076c000000, 0x000000076c200000, 0x000000076c200000|100%| O|  |TAMS 0x000000076c000000| PB 0x000000076c000000| Untracked |  0
| 353|0x000000076c200000, 0x000000076c200000, 0x000000076c400000|  0%| F|  |TAMS 0x000000076c200000| PB 0x000000076c200000| Untracked |  0
| 354|0x000000076c400000, 0x000000076c400000, 0x000000076c600000|  0%| F|  |TAMS 0x000000076c400000| PB 0x000000076c400000| Untracked |  0
| 355|0x000000076c600000, 0x000000076c600000, 0x000000076c800000|  0%| F|  |TAMS 0x000000076c600000| PB 0x000000076c600000| Untracked |  0
| 356|0x000000076c800000, 0x000000076c800000, 0x000000076ca00000|  0%| F|  |TAMS 0x000000076c800000| PB 0x000000076c800000| Untracked |  0
| 357|0x000000076ca00000, 0x000000076ca00000, 0x000000076cc00000|  0%| F|  |TAMS 0x000000076ca00000| PB 0x000000076ca00000| Untracked |  0
| 358|0x000000076cc00000, 0x000000076cc00000, 0x000000076ce00000|  0%| F|  |TAMS 0x000000076cc00000| PB 0x000000076cc00000| Untracked |  0
| 359|0x000000076ce00000, 0x000000076ce00000, 0x000000076d000000|  0%| F|  |TAMS 0x000000076ce00000| PB 0x000000076ce00000| Untracked |  0
| 360|0x000000076d000000, 0x000000076d000000, 0x000000076d200000|  0%| F|  |TAMS 0x000000076d000000| PB 0x000000076d000000| Untracked |  0
| 361|0x000000076d200000, 0x000000076d200000, 0x000000076d400000|  0%| F|  |TAMS 0x000000076d200000| PB 0x000000076d200000| Untracked |  0
| 362|0x000000076d400000, 0x000000076d400000, 0x000000076d600000|  0%| F|  |TAMS 0x000000076d400000| PB 0x000000076d400000| Untracked |  0
| 363|0x000000076d600000, 0x000000076d600000, 0x000000076d800000|  0%| F|  |TAMS 0x000000076d600000| PB 0x000000076d600000| Untracked |  0
| 364|0x000000076d800000, 0x000000076d800000, 0x000000076da00000|  0%| F|  |TAMS 0x000000076d800000| PB 0x000000076d800000| Untracked |  0
| 365|0x000000076da00000, 0x000000076da00000, 0x000000076dc00000|  0%| F|  |TAMS 0x000000076da00000| PB 0x000000076da00000| Untracked |  0
| 366|0x000000076dc00000, 0x000000076dc00000, 0x000000076de00000|  0%| F|  |TAMS 0x000000076dc00000| PB 0x000000076dc00000| Untracked |  0
| 367|0x000000076de00000, 0x000000076de00000, 0x000000076e000000|  0%| F|  |TAMS 0x000000076de00000| PB 0x000000076de00000| Untracked |  0
| 368|0x000000076e000000, 0x000000076e000000, 0x000000076e200000|  0%| F|  |TAMS 0x000000076e000000| PB 0x000000076e000000| Untracked |  0
| 369|0x000000076e200000, 0x000000076e200000, 0x000000076e400000|  0%| F|  |TAMS 0x000000076e200000| PB 0x000000076e200000| Untracked |  0
| 370|0x000000076e400000, 0x000000076e400000, 0x000000076e600000|  0%| F|  |TAMS 0x000000076e400000| PB 0x000000076e400000| Untracked |  0
| 371|0x000000076e600000, 0x000000076e600000, 0x000000076e800000|  0%| F|  |TAMS 0x000000076e600000| PB 0x000000076e600000| Untracked |  0
| 372|0x000000076e800000, 0x000000076e800000, 0x000000076ea00000|  0%| F|  |TAMS 0x000000076e800000| PB 0x000000076e800000| Untracked |  0
| 373|0x000000076ea00000, 0x000000076ea00000, 0x000000076ec00000|  0%| F|  |TAMS 0x000000076ea00000| PB 0x000000076ea00000| Untracked |  0
| 374|0x000000076ec00000, 0x000000076ec00000, 0x000000076ee00000|  0%| F|  |TAMS 0x000000076ec00000| PB 0x000000076ec00000| Untracked |  0
| 375|0x000000076ee00000, 0x000000076ee00000, 0x000000076f000000|  0%| F|  |TAMS 0x000000076ee00000| PB 0x000000076ee00000| Untracked |  0
| 376|0x000000076f000000, 0x000000076f000000, 0x000000076f200000|  0%| F|  |TAMS 0x000000076f000000| PB 0x000000076f000000| Untracked |  0
| 377|0x000000076f200000, 0x000000076f200000, 0x000000076f400000|  0%| F|  |TAMS 0x000000076f200000| PB 0x000000076f200000| Untracked |  0
| 378|0x000000076f400000, 0x000000076f400000, 0x000000076f600000|  0%| F|  |TAMS 0x000000076f400000| PB 0x000000076f400000| Untracked |  0
| 379|0x000000076f600000, 0x000000076f600000, 0x000000076f800000|  0%| F|  |TAMS 0x000000076f600000| PB 0x000000076f600000| Untracked |  0
| 380|0x000000076f800000, 0x000000076f800000, 0x000000076fa00000|  0%| F|  |TAMS 0x000000076f800000| PB 0x000000076f800000| Untracked |  0
| 381|0x000000076fa00000, 0x000000076fa00000, 0x000000076fc00000|  0%| F|  |TAMS 0x000000076fa00000| PB 0x000000076fa00000| Untracked |  0
| 382|0x000000076fc00000, 0x000000076fc00000, 0x000000076fe00000|  0%| F|  |TAMS 0x000000076fc00000| PB 0x000000076fc00000| Untracked |  0
| 383|0x000000076fe00000, 0x000000076fe00000, 0x0000000770000000|  0%| F|  |TAMS 0x000000076fe00000| PB 0x000000076fe00000| Untracked |  0
| 384|0x0000000770000000, 0x0000000770000000, 0x0000000770200000|  0%| F|  |TAMS 0x0000000770000000| PB 0x0000000770000000| Untracked |  0
| 385|0x0000000770200000, 0x0000000770200000, 0x0000000770400000|  0%| F|  |TAMS 0x0000000770200000| PB 0x0000000770200000| Untracked |  0
| 386|0x0000000770400000, 0x0000000770400000, 0x0000000770600000|  0%| F|  |TAMS 0x0000000770400000| PB 0x0000000770400000| Untracked |  0
| 387|0x0000000770600000, 0x0000000770600000, 0x0000000770800000|  0%| F|  |TAMS 0x0000000770600000| PB 0x0000000770600000| Untracked |  0
| 388|0x0000000770800000, 0x0000000770800000, 0x0000000770a00000|  0%| F|  |TAMS 0x0000000770800000| PB 0x0000000770800000| Untracked |  0
| 389|0x0000000770a00000, 0x0000000770a00000, 0x0000000770c00000|  0%| F|  |TAMS 0x0000000770a00000| PB 0x0000000770a00000| Untracked |  0
| 390|0x0000000770c00000, 0x0000000770c00000, 0x0000000770e00000|  0%| F|  |TAMS 0x0000000770c00000| PB 0x0000000770c00000| Untracked |  0
| 391|0x0000000770e00000, 0x0000000770e00000, 0x0000000771000000|  0%| F|  |TAMS 0x0000000770e00000| PB 0x0000000770e00000| Untracked |  0
| 392|0x0000000771000000, 0x0000000771000000, 0x0000000771200000|  0%| F|  |TAMS 0x0000000771000000| PB 0x0000000771000000| Untracked |  0
| 393|0x0000000771200000, 0x0000000771200000, 0x0000000771400000|  0%| F|  |TAMS 0x0000000771200000| PB 0x0000000771200000| Untracked |  0
| 394|0x0000000771400000, 0x0000000771400000, 0x0000000771600000|  0%| F|  |TAMS 0x0000000771400000| PB 0x0000000771400000| Untracked |  0
| 395|0x0000000771600000, 0x0000000771600000, 0x0000000771800000|  0%| F|  |TAMS 0x0000000771600000| PB 0x0000000771600000| Untracked |  0
| 396|0x0000000771800000, 0x0000000771800000, 0x0000000771a00000|  0%| F|  |TAMS 0x0000000771800000| PB 0x0000000771800000| Untracked |  0
| 397|0x0000000771a00000, 0x0000000771a00000, 0x0000000771c00000|  0%| F|  |TAMS 0x0000000771a00000| PB 0x0000000771a00000| Untracked |  0
| 398|0x0000000771c00000, 0x0000000771c00000, 0x0000000771e00000|  0%| F|  |TAMS 0x0000000771c00000| PB 0x0000000771c00000| Untracked |  0
| 399|0x0000000771e00000, 0x0000000771e00000, 0x0000000772000000|  0%| F|  |TAMS 0x0000000771e00000| PB 0x0000000771e00000| Untracked |  0
| 400|0x0000000772000000, 0x0000000772000000, 0x0000000772200000|  0%| F|  |TAMS 0x0000000772000000| PB 0x0000000772000000| Untracked |  0
| 401|0x0000000772200000, 0x0000000772200000, 0x0000000772400000|  0%| F|  |TAMS 0x0000000772200000| PB 0x0000000772200000| Untracked |  0
| 402|0x0000000772400000, 0x0000000772400000, 0x0000000772600000|  0%| F|  |TAMS 0x0000000772400000| PB 0x0000000772400000| Untracked |  0
| 403|0x0000000772600000, 0x0000000772600000, 0x0000000772800000|  0%| F|  |TAMS 0x0000000772600000| PB 0x0000000772600000| Untracked |  0
| 404|0x0000000772800000, 0x0000000772800000, 0x0000000772a00000|  0%| F|  |TAMS 0x0000000772800000| PB 0x0000000772800000| Untracked |  0
| 405|0x0000000772a00000, 0x0000000772a00000, 0x0000000772c00000|  0%| F|  |TAMS 0x0000000772a00000| PB 0x0000000772a00000| Untracked |  0
| 406|0x0000000772c00000, 0x0000000772c00000, 0x0000000772e00000|  0%| F|  |TAMS 0x0000000772c00000| PB 0x0000000772c00000| Untracked |  0
| 407|0x0000000772e00000, 0x0000000772e00000, 0x0000000773000000|  0%| F|  |TAMS 0x0000000772e00000| PB 0x0000000772e00000| Untracked |  0
| 408|0x0000000773000000, 0x0000000773000000, 0x0000000773200000|  0%| F|  |TAMS 0x0000000773000000| PB 0x0000000773000000| Untracked |  0
| 409|0x0000000773200000, 0x0000000773200000, 0x0000000773400000|  0%| F|  |TAMS 0x0000000773200000| PB 0x0000000773200000| Untracked |  0
| 410|0x0000000773400000, 0x0000000773400000, 0x0000000773600000|  0%| F|  |TAMS 0x0000000773400000| PB 0x0000000773400000| Untracked |  0
| 411|0x0000000773600000, 0x0000000773600000, 0x0000000773800000|  0%| F|  |TAMS 0x0000000773600000| PB 0x0000000773600000| Untracked |  0
| 412|0x0000000773800000, 0x0000000773800000, 0x0000000773a00000|  0%| F|  |TAMS 0x0000000773800000| PB 0x0000000773800000| Untracked |  0
| 413|0x0000000773a00000, 0x0000000773a00000, 0x0000000773c00000|  0%| F|  |TAMS 0x0000000773a00000| PB 0x0000000773a00000| Untracked |  0
| 414|0x0000000773c00000, 0x0000000773c00000, 0x0000000773e00000|  0%| F|  |TAMS 0x0000000773c00000| PB 0x0000000773c00000| Untracked |  0
| 415|0x0000000773e00000, 0x0000000773e00000, 0x0000000774000000|  0%| F|  |TAMS 0x0000000773e00000| PB 0x0000000773e00000| Untracked |  0
| 416|0x0000000774000000, 0x0000000774000000, 0x0000000774200000|  0%| F|  |TAMS 0x0000000774000000| PB 0x0000000774000000| Untracked |  0
| 417|0x0000000774200000, 0x0000000774200000, 0x0000000774400000|  0%| F|  |TAMS 0x0000000774200000| PB 0x0000000774200000| Untracked |  0
| 418|0x0000000774400000, 0x0000000774400000, 0x0000000774600000|  0%| F|  |TAMS 0x0000000774400000| PB 0x0000000774400000| Untracked |  0
| 419|0x0000000774600000, 0x0000000774600000, 0x0000000774800000|  0%| F|  |TAMS 0x0000000774600000| PB 0x0000000774600000| Untracked |  0
| 420|0x0000000774800000, 0x0000000774800000, 0x0000000774a00000|  0%| F|  |TAMS 0x0000000774800000| PB 0x0000000774800000| Untracked |  0
| 421|0x0000000774a00000, 0x0000000774a00000, 0x0000000774c00000|  0%| F|  |TAMS 0x0000000774a00000| PB 0x0000000774a00000| Untracked |  0
| 422|0x0000000774c00000, 0x0000000774c00000, 0x0000000774e00000|  0%| F|  |TAMS 0x0000000774c00000| PB 0x0000000774c00000| Untracked |  0
| 423|0x0000000774e00000, 0x0000000774e00000, 0x0000000775000000|  0%| F|  |TAMS 0x0000000774e00000| PB 0x0000000774e00000| Untracked |  0
| 424|0x0000000775000000, 0x0000000775000000, 0x0000000775200000|  0%| F|  |TAMS 0x0000000775000000| PB 0x0000000775000000| Untracked |  0
| 425|0x0000000775200000, 0x0000000775200000, 0x0000000775400000|  0%| F|  |TAMS 0x0000000775200000| PB 0x0000000775200000| Untracked |  0
| 426|0x0000000775400000, 0x0000000775400000, 0x0000000775600000|  0%| F|  |TAMS 0x0000000775400000| PB 0x0000000775400000| Untracked |  0
| 427|0x0000000775600000, 0x0000000775600000, 0x0000000775800000|  0%| F|  |TAMS 0x0000000775600000| PB 0x0000000775600000| Untracked |  0
| 428|0x0000000775800000, 0x0000000775800000, 0x0000000775a00000|  0%| F|  |TAMS 0x0000000775800000| PB 0x0000000775800000| Untracked |  0
| 429|0x0000000775a00000, 0x0000000775a00000, 0x0000000775c00000|  0%| F|  |TAMS 0x0000000775a00000| PB 0x0000000775a00000| Untracked |  0
| 430|0x0000000775c00000, 0x0000000775c00000, 0x0000000775e00000|  0%| F|  |TAMS 0x0000000775c00000| PB 0x0000000775c00000| Untracked |  0
| 431|0x0000000775e00000, 0x0000000775e00000, 0x0000000776000000|  0%| F|  |TAMS 0x0000000775e00000| PB 0x0000000775e00000| Untracked |  0
| 432|0x0000000776000000, 0x0000000776000000, 0x0000000776200000|  0%| F|  |TAMS 0x0000000776000000| PB 0x0000000776000000| Untracked |  0
| 433|0x0000000776200000, 0x0000000776200000, 0x0000000776400000|  0%| F|  |TAMS 0x0000000776200000| PB 0x0000000776200000| Untracked |  0
| 434|0x0000000776400000, 0x000000077656ae50, 0x0000000776600000| 70%| S|  |TAMS 0x0000000776400000| PB 0x0000000776400000| Complete |  0
| 435|0x0000000776600000, 0x0000000776800000, 0x0000000776800000|100%| S|  |TAMS 0x0000000776600000| PB 0x0000000776600000| Complete |  0
| 436|0x0000000776800000, 0x0000000776a00000, 0x0000000776a00000|100%| S|  |TAMS 0x0000000776800000| PB 0x0000000776800000| Complete |  0
| 437|0x0000000776a00000, 0x0000000776c00000, 0x0000000776c00000|100%| S|  |TAMS 0x0000000776a00000| PB 0x0000000776a00000| Complete |  0
| 438|0x0000000776c00000, 0x0000000776e00000, 0x0000000776e00000|100%| S|  |TAMS 0x0000000776c00000| PB 0x0000000776c00000| Complete |  0
| 439|0x0000000776e00000, 0x0000000777000000, 0x0000000777000000|100%| S|  |TAMS 0x0000000776e00000| PB 0x0000000776e00000| Complete |  0
| 440|0x0000000777000000, 0x0000000777200000, 0x0000000777200000|100%| S|  |TAMS 0x0000000777000000| PB 0x0000000777000000| Complete |  0
| 441|0x0000000777200000, 0x0000000777400000, 0x0000000777400000|100%| S|  |TAMS 0x0000000777200000| PB 0x0000000777200000| Complete |  0
| 442|0x0000000777400000, 0x0000000777600000, 0x0000000777600000|100%| S|  |TAMS 0x0000000777400000| PB 0x0000000777400000| Complete |  0
| 443|0x0000000777600000, 0x0000000777800000, 0x0000000777800000|100%| S|  |TAMS 0x0000000777600000| PB 0x0000000777600000| Complete |  0
| 444|0x0000000777800000, 0x0000000777a00000, 0x0000000777a00000|100%| S|  |TAMS 0x0000000777800000| PB 0x0000000777800000| Complete |  0
| 445|0x0000000777a00000, 0x0000000777c00000, 0x0000000777c00000|100%| S|  |TAMS 0x0000000777a00000| PB 0x0000000777a00000| Complete |  0
| 446|0x0000000777c00000, 0x0000000777e00000, 0x0000000777e00000|100%| S|  |TAMS 0x0000000777c00000| PB 0x0000000777c00000| Complete |  0
| 447|0x0000000777e00000, 0x0000000778000000, 0x0000000778000000|100%| E|CS|TAMS 0x0000000777e00000| PB 0x0000000777e00000| Complete |  0
| 448|0x0000000778000000, 0x0000000778200000, 0x0000000778200000|100%| E|CS|TAMS 0x0000000778000000| PB 0x0000000778000000| Complete |  0
| 449|0x0000000778200000, 0x0000000778400000, 0x0000000778400000|100%| E|CS|TAMS 0x0000000778200000| PB 0x0000000778200000| Complete |  0
| 450|0x0000000778400000, 0x0000000778600000, 0x0000000778600000|100%| E|CS|TAMS 0x0000000778400000| PB 0x0000000778400000| Complete |  0
| 451|0x0000000778600000, 0x0000000778800000, 0x0000000778800000|100%| E|CS|TAMS 0x0000000778600000| PB 0x0000000778600000| Complete |  0
| 452|0x0000000778800000, 0x0000000778a00000, 0x0000000778a00000|100%| E|CS|TAMS 0x0000000778800000| PB 0x0000000778800000| Complete |  0
| 453|0x0000000778a00000, 0x0000000778c00000, 0x0000000778c00000|100%| E|CS|TAMS 0x0000000778a00000| PB 0x0000000778a00000| Complete |  0
| 454|0x0000000778c00000, 0x0000000778e00000, 0x0000000778e00000|100%| E|CS|TAMS 0x0000000778c00000| PB 0x0000000778c00000| Complete |  0
| 455|0x0000000778e00000, 0x0000000779000000, 0x0000000779000000|100%| E|CS|TAMS 0x0000000778e00000| PB 0x0000000778e00000| Complete |  0
| 456|0x0000000779000000, 0x0000000779200000, 0x0000000779200000|100%| E|CS|TAMS 0x0000000779000000| PB 0x0000000779000000| Complete |  0
| 457|0x0000000779200000, 0x0000000779400000, 0x0000000779400000|100%| E|CS|TAMS 0x0000000779200000| PB 0x0000000779200000| Complete |  0
| 458|0x0000000779400000, 0x0000000779600000, 0x0000000779600000|100%| E|CS|TAMS 0x0000000779400000| PB 0x0000000779400000| Complete |  0
| 459|0x0000000779600000, 0x0000000779800000, 0x0000000779800000|100%| E|CS|TAMS 0x0000000779600000| PB 0x0000000779600000| Complete |  0
| 460|0x0000000779800000, 0x0000000779a00000, 0x0000000779a00000|100%| E|CS|TAMS 0x0000000779800000| PB 0x0000000779800000| Complete |  0
| 461|0x0000000779a00000, 0x0000000779c00000, 0x0000000779c00000|100%| E|CS|TAMS 0x0000000779a00000| PB 0x0000000779a00000| Complete |  0
| 462|0x0000000779c00000, 0x0000000779e00000, 0x0000000779e00000|100%| E|CS|TAMS 0x0000000779c00000| PB 0x0000000779c00000| Complete |  0
| 463|0x0000000779e00000, 0x000000077a000000, 0x000000077a000000|100%| E|CS|TAMS 0x0000000779e00000| PB 0x0000000779e00000| Complete |  0
| 464|0x000000077a000000, 0x000000077a200000, 0x000000077a200000|100%| E|CS|TAMS 0x000000077a000000| PB 0x000000077a000000| Complete |  0
| 465|0x000000077a200000, 0x000000077a400000, 0x000000077a400000|100%| E|CS|TAMS 0x000000077a200000| PB 0x000000077a200000| Complete |  0
| 466|0x000000077a400000, 0x000000077a600000, 0x000000077a600000|100%| E|CS|TAMS 0x000000077a400000| PB 0x000000077a400000| Complete |  0
| 467|0x000000077a600000, 0x000000077a800000, 0x000000077a800000|100%| E|CS|TAMS 0x000000077a600000| PB 0x000000077a600000| Complete |  0
| 468|0x000000077a800000, 0x000000077aa00000, 0x000000077aa00000|100%| E|CS|TAMS 0x000000077a800000| PB 0x000000077a800000| Complete |  0
| 469|0x000000077aa00000, 0x000000077ac00000, 0x000000077ac00000|100%| E|CS|TAMS 0x000000077aa00000| PB 0x000000077aa00000| Complete |  0
| 470|0x000000077ac00000, 0x000000077ae00000, 0x000000077ae00000|100%| E|CS|TAMS 0x000000077ac00000| PB 0x000000077ac00000| Complete |  0
| 471|0x000000077ae00000, 0x000000077b000000, 0x000000077b000000|100%| E|CS|TAMS 0x000000077ae00000| PB 0x000000077ae00000| Complete |  0
| 472|0x000000077b000000, 0x000000077b200000, 0x000000077b200000|100%| E|CS|TAMS 0x000000077b000000| PB 0x000000077b000000| Complete |  0
| 473|0x000000077b200000, 0x000000077b400000, 0x000000077b400000|100%| E|CS|TAMS 0x000000077b200000| PB 0x000000077b200000| Complete |  0
| 474|0x000000077b400000, 0x000000077b600000, 0x000000077b600000|100%| E|CS|TAMS 0x000000077b400000| PB 0x000000077b400000| Complete |  0
| 475|0x000000077b600000, 0x000000077b800000, 0x000000077b800000|100%| E|CS|TAMS 0x000000077b600000| PB 0x000000077b600000| Complete |  0
| 476|0x000000077b800000, 0x000000077ba00000, 0x000000077ba00000|100%| E|CS|TAMS 0x000000077b800000| PB 0x000000077b800000| Complete |  0
| 477|0x000000077ba00000, 0x000000077bc00000, 0x000000077bc00000|100%| E|CS|TAMS 0x000000077ba00000| PB 0x000000077ba00000| Complete |  0
| 478|0x000000077bc00000, 0x000000077be00000, 0x000000077be00000|100%| E|CS|TAMS 0x000000077bc00000| PB 0x000000077bc00000| Complete |  0
| 479|0x000000077be00000, 0x000000077c000000, 0x000000077c000000|100%| E|CS|TAMS 0x000000077be00000| PB 0x000000077be00000| Complete |  0
| 480|0x000000077c000000, 0x000000077c200000, 0x000000077c200000|100%| E|CS|TAMS 0x000000077c000000| PB 0x000000077c000000| Complete |  0
| 481|0x000000077c200000, 0x000000077c400000, 0x000000077c400000|100%| E|CS|TAMS 0x000000077c200000| PB 0x000000077c200000| Complete |  0
| 482|0x000000077c400000, 0x000000077c600000, 0x000000077c600000|100%| E|CS|TAMS 0x000000077c400000| PB 0x000000077c400000| Complete |  0
| 483|0x000000077c600000, 0x000000077c800000, 0x000000077c800000|100%| E|CS|TAMS 0x000000077c600000| PB 0x000000077c600000| Complete |  0
| 484|0x000000077c800000, 0x000000077ca00000, 0x000000077ca00000|100%| E|CS|TAMS 0x000000077c800000| PB 0x000000077c800000| Complete |  0
| 485|0x000000077ca00000, 0x000000077cc00000, 0x000000077cc00000|100%| E|CS|TAMS 0x000000077ca00000| PB 0x000000077ca00000| Complete |  0
| 486|0x000000077cc00000, 0x000000077ce00000, 0x000000077ce00000|100%| E|CS|TAMS 0x000000077cc00000| PB 0x000000077cc00000| Complete |  0
| 487|0x000000077ce00000, 0x000000077d000000, 0x000000077d000000|100%| E|CS|TAMS 0x000000077ce00000| PB 0x000000077ce00000| Complete |  0
| 488|0x000000077d000000, 0x000000077d200000, 0x000000077d200000|100%| E|CS|TAMS 0x000000077d000000| PB 0x000000077d000000| Complete |  0
| 489|0x000000077d200000, 0x000000077d400000, 0x000000077d400000|100%| E|CS|TAMS 0x000000077d200000| PB 0x000000077d200000| Complete |  0
| 490|0x000000077d400000, 0x000000077d600000, 0x000000077d600000|100%| E|CS|TAMS 0x000000077d400000| PB 0x000000077d400000| Complete |  0
| 491|0x000000077d600000, 0x000000077d800000, 0x000000077d800000|100%| E|CS|TAMS 0x000000077d600000| PB 0x000000077d600000| Complete |  0
| 492|0x000000077d800000, 0x000000077da00000, 0x000000077da00000|100%| E|CS|TAMS 0x000000077d800000| PB 0x000000077d800000| Complete |  0
| 598|0x000000078ac00000, 0x000000078ae00000, 0x000000078ae00000|100%| E|CS|TAMS 0x000000078ac00000| PB 0x000000078ac00000| Complete |  0
| 599|0x000000078ae00000, 0x000000078b000000, 0x000000078b000000|100%| E|CS|TAMS 0x000000078ae00000| PB 0x000000078ae00000| Complete |  0
| 600|0x000000078b000000, 0x000000078b200000, 0x000000078b200000|100%| E|CS|TAMS 0x000000078b000000| PB 0x000000078b000000| Complete |  0
| 601|0x000000078b200000, 0x000000078b400000, 0x000000078b400000|100%| E|CS|TAMS 0x000000078b200000| PB 0x000000078b200000| Complete |  0
| 602|0x000000078b400000, 0x000000078b600000, 0x000000078b600000|100%| E|CS|TAMS 0x000000078b400000| PB 0x000000078b400000| Complete |  0
|1433|0x00000007f3200000, 0x00000007f3400000, 0x00000007f3400000|100%| E|CS|TAMS 0x00000007f3200000| PB 0x00000007f3200000| Complete |  0
|1434|0x00000007f3400000, 0x00000007f3600000, 0x00000007f3600000|100%| E|CS|TAMS 0x00000007f3400000| PB 0x00000007f3400000| Complete |  0
|1435|0x00000007f3600000, 0x00000007f3800000, 0x00000007f3800000|100%| E|CS|TAMS 0x00000007f3600000| PB 0x00000007f3600000| Complete |  0
|1436|0x00000007f3800000, 0x00000007f3a00000, 0x00000007f3a00000|100%| E|CS|TAMS 0x00000007f3800000| PB 0x00000007f3800000| Complete |  0
|1437|0x00000007f3a00000, 0x00000007f3c00000, 0x00000007f3c00000|100%| E|CS|TAMS 0x00000007f3a00000| PB 0x00000007f3a00000| Complete |  0
|1438|0x00000007f3c00000, 0x00000007f3e00000, 0x00000007f3e00000|100%| E|CS|TAMS 0x00000007f3c00000| PB 0x00000007f3c00000| Complete |  0
|1439|0x00000007f3e00000, 0x00000007f4000000, 0x00000007f4000000|100%| E|CS|TAMS 0x00000007f3e00000| PB 0x00000007f3e00000| Complete |  0
|1440|0x00000007f4000000, 0x00000007f4200000, 0x00000007f4200000|100%| E|CS|TAMS 0x00000007f4000000| PB 0x00000007f4000000| Complete |  0
|1441|0x00000007f4200000, 0x00000007f4400000, 0x00000007f4400000|100%| E|CS|TAMS 0x00000007f4200000| PB 0x00000007f4200000| Complete |  0
|1442|0x00000007f4400000, 0x00000007f4600000, 0x00000007f4600000|100%| E|CS|TAMS 0x00000007f4400000| PB 0x00000007f4400000| Complete |  0
|1443|0x00000007f4600000, 0x00000007f4800000, 0x00000007f4800000|100%| E|CS|TAMS 0x00000007f4600000| PB 0x00000007f4600000| Complete |  0
|1444|0x00000007f4800000, 0x00000007f4a00000, 0x00000007f4a00000|100%| E|CS|TAMS 0x00000007f4800000| PB 0x00000007f4800000| Complete |  0
|1445|0x00000007f4a00000, 0x00000007f4c00000, 0x00000007f4c00000|100%| E|CS|TAMS 0x00000007f4a00000| PB 0x00000007f4a00000| Complete |  0
|1446|0x00000007f4c00000, 0x00000007f4e00000, 0x00000007f4e00000|100%| E|CS|TAMS 0x00000007f4c00000| PB 0x00000007f4c00000| Complete |  0
|1447|0x00000007f4e00000, 0x00000007f5000000, 0x00000007f5000000|100%| E|CS|TAMS 0x00000007f4e00000| PB 0x00000007f4e00000| Complete |  0
|1448|0x00000007f5000000, 0x00000007f5200000, 0x00000007f5200000|100%| E|CS|TAMS 0x00000007f5000000| PB 0x00000007f5000000| Complete |  0
|1449|0x00000007f5200000, 0x00000007f5400000, 0x00000007f5400000|100%| E|CS|TAMS 0x00000007f5200000| PB 0x00000007f5200000| Complete |  0
|1450|0x00000007f5400000, 0x00000007f5600000, 0x00000007f5600000|100%| E|CS|TAMS 0x00000007f5400000| PB 0x00000007f5400000| Complete |  0
|1451|0x00000007f5600000, 0x00000007f5800000, 0x00000007f5800000|100%| E|CS|TAMS 0x00000007f5600000| PB 0x00000007f5600000| Complete |  0
|1452|0x00000007f5800000, 0x00000007f5a00000, 0x00000007f5a00000|100%| E|CS|TAMS 0x00000007f5800000| PB 0x00000007f5800000| Complete |  0
|1453|0x00000007f5a00000, 0x00000007f5c00000, 0x00000007f5c00000|100%| E|CS|TAMS 0x00000007f5a00000| PB 0x00000007f5a00000| Complete |  0
|1454|0x00000007f5c00000, 0x00000007f5e00000, 0x00000007f5e00000|100%| E|CS|TAMS 0x00000007f5c00000| PB 0x00000007f5c00000| Complete |  0
|1455|0x00000007f5e00000, 0x00000007f6000000, 0x00000007f6000000|100%| E|CS|TAMS 0x00000007f5e00000| PB 0x00000007f5e00000| Complete |  0
|1456|0x00000007f6000000, 0x00000007f6200000, 0x00000007f6200000|100%| E|CS|TAMS 0x00000007f6000000| PB 0x00000007f6000000| Complete |  0
|1457|0x00000007f6200000, 0x00000007f6400000, 0x00000007f6400000|100%| E|CS|TAMS 0x00000007f6200000| PB 0x00000007f6200000| Complete |  0
|1458|0x00000007f6400000, 0x00000007f6600000, 0x00000007f6600000|100%| E|CS|TAMS 0x00000007f6400000| PB 0x00000007f6400000| Complete |  0
|1459|0x00000007f6600000, 0x00000007f6800000, 0x00000007f6800000|100%| E|CS|TAMS 0x00000007f6600000| PB 0x00000007f6600000| Complete |  0
|1460|0x00000007f6800000, 0x00000007f6a00000, 0x00000007f6a00000|100%| E|CS|TAMS 0x00000007f6800000| PB 0x00000007f6800000| Complete |  0
|1461|0x00000007f6a00000, 0x00000007f6c00000, 0x00000007f6c00000|100%| E|CS|TAMS 0x00000007f6a00000| PB 0x00000007f6a00000| Complete |  0
|1462|0x00000007f6c00000, 0x00000007f6e00000, 0x00000007f6e00000|100%| E|CS|TAMS 0x00000007f6c00000| PB 0x00000007f6c00000| Complete |  0
|1463|0x00000007f6e00000, 0x00000007f7000000, 0x00000007f7000000|100%| E|CS|TAMS 0x00000007f6e00000| PB 0x00000007f6e00000| Complete |  0
|1464|0x00000007f7000000, 0x00000007f7200000, 0x00000007f7200000|100%| E|CS|TAMS 0x00000007f7000000| PB 0x00000007f7000000| Complete |  0
|1465|0x00000007f7200000, 0x00000007f7400000, 0x00000007f7400000|100%| E|CS|TAMS 0x00000007f7200000| PB 0x00000007f7200000| Complete |  0
|1466|0x00000007f7400000, 0x00000007f7600000, 0x00000007f7600000|100%| E|CS|TAMS 0x00000007f7400000| PB 0x00000007f7400000| Complete |  0
|1467|0x00000007f7600000, 0x00000007f7800000, 0x00000007f7800000|100%| E|CS|TAMS 0x00000007f7600000| PB 0x00000007f7600000| Complete |  0
|1468|0x00000007f7800000, 0x00000007f7a00000, 0x00000007f7a00000|100%| E|CS|TAMS 0x00000007f7800000| PB 0x00000007f7800000| Complete |  0
|1469|0x00000007f7a00000, 0x00000007f7c00000, 0x00000007f7c00000|100%| E|CS|TAMS 0x00000007f7a00000| PB 0x00000007f7a00000| Complete |  0
|1470|0x00000007f7c00000, 0x00000007f7e00000, 0x00000007f7e00000|100%| E|CS|TAMS 0x00000007f7c00000| PB 0x00000007f7c00000| Complete |  0
|1471|0x00000007f7e00000, 0x00000007f8000000, 0x00000007f8000000|100%| E|CS|TAMS 0x00000007f7e00000| PB 0x00000007f7e00000| Complete |  0
|1472|0x00000007f8000000, 0x00000007f8200000, 0x00000007f8200000|100%| E|CS|TAMS 0x00000007f8000000| PB 0x00000007f8000000| Complete |  0
|1473|0x00000007f8200000, 0x00000007f8400000, 0x00000007f8400000|100%| E|CS|TAMS 0x00000007f8200000| PB 0x00000007f8200000| Complete |  0
|1474|0x00000007f8400000, 0x00000007f8600000, 0x00000007f8600000|100%| E|CS|TAMS 0x00000007f8400000| PB 0x00000007f8400000| Complete |  0
|1475|0x00000007f8600000, 0x00000007f8800000, 0x00000007f8800000|100%| E|CS|TAMS 0x00000007f8600000| PB 0x00000007f8600000| Complete |  0
|1476|0x00000007f8800000, 0x00000007f8a00000, 0x00000007f8a00000|100%| E|CS|TAMS 0x00000007f8800000| PB 0x00000007f8800000| Complete |  0
|1477|0x00000007f8a00000, 0x00000007f8c00000, 0x00000007f8c00000|100%| E|CS|TAMS 0x00000007f8a00000| PB 0x00000007f8a00000| Complete |  0
|1478|0x00000007f8c00000, 0x00000007f8e00000, 0x00000007f8e00000|100%| E|CS|TAMS 0x00000007f8c00000| PB 0x00000007f8c00000| Complete |  0
|1479|0x00000007f8e00000, 0x00000007f9000000, 0x00000007f9000000|100%| E|CS|TAMS 0x00000007f8e00000| PB 0x00000007f8e00000| Complete |  0
|1480|0x00000007f9000000, 0x00000007f9200000, 0x00000007f9200000|100%| E|CS|TAMS 0x00000007f9000000| PB 0x00000007f9000000| Complete |  0
|1481|0x00000007f9200000, 0x00000007f9400000, 0x00000007f9400000|100%| E|CS|TAMS 0x00000007f9200000| PB 0x00000007f9200000| Complete |  0
|1482|0x00000007f9400000, 0x00000007f9600000, 0x00000007f9600000|100%| E|CS|TAMS 0x00000007f9400000| PB 0x00000007f9400000| Complete |  0
|1483|0x00000007f9600000, 0x00000007f9800000, 0x00000007f9800000|100%| E|CS|TAMS 0x00000007f9600000| PB 0x00000007f9600000| Complete |  0
|1484|0x00000007f9800000, 0x00000007f9a00000, 0x00000007f9a00000|100%| E|CS|TAMS 0x00000007f9800000| PB 0x00000007f9800000| Complete |  0
|1485|0x00000007f9a00000, 0x00000007f9c00000, 0x00000007f9c00000|100%| E|CS|TAMS 0x00000007f9a00000| PB 0x00000007f9a00000| Complete |  0
|1486|0x00000007f9c00000, 0x00000007f9e00000, 0x00000007f9e00000|100%| E|CS|TAMS 0x00000007f9c00000| PB 0x00000007f9c00000| Complete |  0
|1487|0x00000007f9e00000, 0x00000007fa000000, 0x00000007fa000000|100%| E|CS|TAMS 0x00000007f9e00000| PB 0x00000007f9e00000| Complete |  0
|1488|0x00000007fa000000, 0x00000007fa200000, 0x00000007fa200000|100%| E|CS|TAMS 0x00000007fa000000| PB 0x00000007fa000000| Complete |  0
|1489|0x00000007fa200000, 0x00000007fa400000, 0x00000007fa400000|100%| E|CS|TAMS 0x00000007fa200000| PB 0x00000007fa200000| Complete |  0
|1490|0x00000007fa400000, 0x00000007fa600000, 0x00000007fa600000|100%| E|CS|TAMS 0x00000007fa400000| PB 0x00000007fa400000| Complete |  0
|1491|0x00000007fa600000, 0x00000007fa800000, 0x00000007fa800000|100%| E|CS|TAMS 0x00000007fa600000| PB 0x00000007fa600000| Complete |  0
|1492|0x00000007fa800000, 0x00000007faa00000, 0x00000007faa00000|100%| E|CS|TAMS 0x00000007fa800000| PB 0x00000007fa800000| Complete |  0
|1493|0x00000007faa00000, 0x00000007fac00000, 0x00000007fac00000|100%| E|CS|TAMS 0x00000007faa00000| PB 0x00000007faa00000| Complete |  0
|1494|0x00000007fac00000, 0x00000007fae00000, 0x00000007fae00000|100%| E|CS|TAMS 0x00000007fac00000| PB 0x00000007fac00000| Complete |  0
|1495|0x00000007fae00000, 0x00000007fb000000, 0x00000007fb000000|100%| E|CS|TAMS 0x00000007fae00000| PB 0x00000007fae00000| Complete |  0
|1496|0x00000007fb000000, 0x00000007fb200000, 0x00000007fb200000|100%| E|CS|TAMS 0x00000007fb000000| PB 0x00000007fb000000| Complete |  0
|1497|0x00000007fb200000, 0x00000007fb400000, 0x00000007fb400000|100%| E|CS|TAMS 0x00000007fb200000| PB 0x00000007fb200000| Complete |  0
|1498|0x00000007fb400000, 0x00000007fb600000, 0x00000007fb600000|100%| E|CS|TAMS 0x00000007fb400000| PB 0x00000007fb400000| Complete |  0
|1499|0x00000007fb600000, 0x00000007fb800000, 0x00000007fb800000|100%| E|CS|TAMS 0x00000007fb600000| PB 0x00000007fb600000| Complete |  0
|1500|0x00000007fb800000, 0x00000007fba00000, 0x00000007fba00000|100%| E|CS|TAMS 0x00000007fb800000| PB 0x00000007fb800000| Complete |  0
|1501|0x00000007fba00000, 0x00000007fbc00000, 0x00000007fbc00000|100%| E|CS|TAMS 0x00000007fba00000| PB 0x00000007fba00000| Complete |  0
|1502|0x00000007fbc00000, 0x00000007fbe00000, 0x00000007fbe00000|100%| E|CS|TAMS 0x00000007fbc00000| PB 0x00000007fbc00000| Complete |  0
|1503|0x00000007fbe00000, 0x00000007fc000000, 0x00000007fc000000|100%| E|CS|TAMS 0x00000007fbe00000| PB 0x00000007fbe00000| Complete |  0
|1504|0x00000007fc000000, 0x00000007fc200000, 0x00000007fc200000|100%| E|CS|TAMS 0x00000007fc000000| PB 0x00000007fc000000| Complete |  0
|1505|0x00000007fc200000, 0x00000007fc400000, 0x00000007fc400000|100%| E|CS|TAMS 0x00000007fc200000| PB 0x00000007fc200000| Complete |  0
|1506|0x00000007fc400000, 0x00000007fc600000, 0x00000007fc600000|100%| E|CS|TAMS 0x00000007fc400000| PB 0x00000007fc400000| Complete |  0
|1507|0x00000007fc600000, 0x00000007fc800000, 0x00000007fc800000|100%| E|CS|TAMS 0x00000007fc600000| PB 0x00000007fc600000| Complete |  0
|1508|0x00000007fc800000, 0x00000007fca00000, 0x00000007fca00000|100%| E|CS|TAMS 0x00000007fc800000| PB 0x00000007fc800000| Complete |  0
|1509|0x00000007fca00000, 0x00000007fcc00000, 0x00000007fcc00000|100%| E|CS|TAMS 0x00000007fca00000| PB 0x00000007fca00000| Complete |  0
|1510|0x00000007fcc00000, 0x00000007fce00000, 0x00000007fce00000|100%| E|CS|TAMS 0x00000007fcc00000| PB 0x00000007fcc00000| Complete |  0
|1511|0x00000007fce00000, 0x00000007fd000000, 0x00000007fd000000|100%| E|CS|TAMS 0x00000007fce00000| PB 0x00000007fce00000| Complete |  0
|1512|0x00000007fd000000, 0x00000007fd200000, 0x00000007fd200000|100%| E|CS|TAMS 0x00000007fd000000| PB 0x00000007fd000000| Complete |  0
|1513|0x00000007fd200000, 0x00000007fd400000, 0x00000007fd400000|100%| E|CS|TAMS 0x00000007fd200000| PB 0x00000007fd200000| Complete |  0
|1514|0x00000007fd400000, 0x00000007fd600000, 0x00000007fd600000|100%| E|CS|TAMS 0x00000007fd400000| PB 0x00000007fd400000| Complete |  0
|1515|0x00000007fd600000, 0x00000007fd800000, 0x00000007fd800000|100%| E|CS|TAMS 0x00000007fd600000| PB 0x00000007fd600000| Complete |  0
|1516|0x00000007fd800000, 0x00000007fda00000, 0x00000007fda00000|100%| E|CS|TAMS 0x00000007fd800000| PB 0x00000007fd800000| Complete |  0
|1517|0x00000007fda00000, 0x00000007fdc00000, 0x00000007fdc00000|100%| E|CS|TAMS 0x00000007fda00000| PB 0x00000007fda00000| Complete |  0
|1518|0x00000007fdc00000, 0x00000007fde00000, 0x00000007fde00000|100%| E|CS|TAMS 0x00000007fdc00000| PB 0x00000007fdc00000| Complete |  0
|1519|0x00000007fde00000, 0x00000007fe000000, 0x00000007fe000000|100%| E|CS|TAMS 0x00000007fde00000| PB 0x00000007fde00000| Complete |  0
|1520|0x00000007fe000000, 0x00000007fe200000, 0x00000007fe200000|100%| E|CS|TAMS 0x00000007fe000000| PB 0x00000007fe000000| Complete |  0
|1521|0x00000007fe200000, 0x00000007fe400000, 0x00000007fe400000|100%| E|CS|TAMS 0x00000007fe200000| PB 0x00000007fe200000| Complete |  0
|1522|0x00000007fe400000, 0x00000007fe600000, 0x00000007fe600000|100%| E|CS|TAMS 0x00000007fe400000| PB 0x00000007fe400000| Complete |  0
|1523|0x00000007fe600000, 0x00000007fe800000, 0x00000007fe800000|100%| E|CS|TAMS 0x00000007fe600000| PB 0x00000007fe600000| Complete |  0
|1524|0x00000007fe800000, 0x00000007fea00000, 0x00000007fea00000|100%| E|CS|TAMS 0x00000007fe800000| PB 0x00000007fe800000| Complete |  0
|1525|0x00000007fea00000, 0x00000007fec00000, 0x00000007fec00000|100%| E|CS|TAMS 0x00000007fea00000| PB 0x00000007fea00000| Complete |  0
|1526|0x00000007fec00000, 0x00000007fee00000, 0x00000007fee00000|100%| E|CS|TAMS 0x00000007fec00000| PB 0x00000007fec00000| Complete |  0
|1527|0x00000007fee00000, 0x00000007ff000000, 0x00000007ff000000|100%| E|CS|TAMS 0x00000007fee00000| PB 0x00000007fee00000| Complete |  0
|1528|0x00000007ff000000, 0x00000007ff200000, 0x00000007ff200000|100%| E|CS|TAMS 0x00000007ff000000| PB 0x00000007ff000000| Complete |  0
|1529|0x00000007ff200000, 0x00000007ff400000, 0x00000007ff400000|100%| E|CS|TAMS 0x00000007ff200000| PB 0x00000007ff200000| Complete |  0
|1530|0x00000007ff400000, 0x00000007ff600000, 0x00000007ff600000|100%| E|CS|TAMS 0x00000007ff400000| PB 0x00000007ff400000| Complete |  0
|1531|0x00000007ff600000, 0x00000007ff800000, 0x00000007ff800000|100%| E|CS|TAMS 0x00000007ff600000| PB 0x00000007ff600000| Complete |  0
|1532|0x00000007ff800000, 0x00000007ffa00000, 0x00000007ffa00000|100%| E|CS|TAMS 0x00000007ff800000| PB 0x00000007ff800000| Complete |  0
|1533|0x00000007ffa00000, 0x00000007ffc00000, 0x00000007ffc00000|100%| E|CS|TAMS 0x00000007ffa00000| PB 0x00000007ffa00000| Complete |  0
|1534|0x00000007ffc00000, 0x00000007ffe00000, 0x00000007ffe00000|100%| E|CS|TAMS 0x00000007ffc00000| PB 0x00000007ffc00000| Complete |  0
|1535|0x00000007ffe00000, 0x0000000800000000, 0x0000000800000000|100%| E|CS|TAMS 0x00000007ffe00000| PB 0x00000007ffe00000| Complete |  0

Card table byte_map: [0x0000017727a80000,0x0000017728080000] _byte_map_base: 0x0000017724080000

Marking Bits: (CMBitMap*) 0x000001770f1b7eb0
 Bits: [0x0000017728080000, 0x000001772b080000)

Polling page: 0x000001770cd10000

Metaspace:

Usage:
  Non-class:     73.88 MB used.
      Class:     12.10 MB used.
       Both:     85.97 MB used.

Virtual space:
  Non-class space:      128.00 MB reserved,      75.06 MB ( 59%) committed,  2 nodes.
      Class space:        1.00 GB reserved,      13.19 MB (  1%) committed,  1 nodes.
             Both:        1.12 GB reserved,      88.25 MB (  8%) committed. 

Chunk freelists:
   Non-Class:  4.07 MB
       Class:  2.84 MB
        Both:  6.91 MB

MaxMetaspaceSize: unlimited
CompressedClassSpaceSize: 1.00 GB
Initial GC threshold: 21.00 MB
Current GC threshold: 146.69 MB
CDS: on
 - commit_granule_bytes: 65536.
 - commit_granule_words: 8192.
 - virtual_space_node_default_size: 8388608.
 - enlarge_chunks_in_place: 1.
 - use_allocation_guard: 0.


Internal statistics:

num_allocs_failed_limit: 6.
num_arena_births: 3954.
num_arena_deaths: 0.
num_vsnodes_births: 3.
num_vsnodes_deaths: 0.
num_space_committed: 1412.
num_space_uncommitted: 0.
num_chunks_returned_to_freelist: 6.
num_chunks_taken_from_freelist: 7866.
num_chunk_merges: 3.
num_chunk_splits: 5021.
num_chunks_enlarged: 3030.
num_inconsistent_stats: 0.

CodeHeap 'non-profiled nmethods': size=119232Kb used=7371Kb max_used=7530Kb free=111860Kb
 bounds [0x000001771f680000, 0x000001771fe00000, 0x0000017726af0000]
CodeHeap 'profiled nmethods': size=119104Kb used=16155Kb max_used=21650Kb free=102948Kb
 bounds [0x0000017717af0000, 0x0000017719020000, 0x000001771ef40000]
CodeHeap 'non-nmethods': size=7424Kb used=3676Kb max_used=4903Kb free=3748Kb
 bounds [0x000001771ef40000, 0x000001771f420000, 0x000001771f680000]
CodeCache: size=245760Kb, used=27202Kb, max_used=34083Kb, free=218556Kb
 total_blobs=12174, nmethods=11173, adapters=904, full_count=0
Compilation: enabled, stopped_count=0, restarted_count=0

Compilation events (20 events):
Event: 2441.560 Thread 0x000001772e9105b0 20776       4       com.google.common.collect.Sets$1$1::<init> (42 bytes)
Event: 2441.563 Thread 0x000001772e0f9620 20777       4       com.google.common.collect.Sets$1::size (57 bytes)
Event: 2441.565 Thread 0x000001772e9105b0 nmethod 20776 0x000001771fa48c08 code [0x000001771fa48da0, 0x000001771fa497a0]
Event: 2441.565 Thread 0x000001772e9105b0 20779       4       java.io.File::getParent (65 bytes)
Event: 2441.566 Thread 0x000001772e0f9620 nmethod 20777 0x000001771fa1e408 code [0x000001771fa1e580, 0x000001771fa1ea50]
Event: 2441.566 Thread 0x000001772e0f9620 20780       4       java.util.Spliterators::spliterator (25 bytes)
Event: 2441.566 Thread 0x000001772e0f9620 nmethod 20780 0x000001771f956a08 code [0x000001771f956b20, 0x000001771f956cd0]
Event: 2441.566 Thread 0x000001772e0f9620 20778       4       com.google.common.collect.Sets$1::iterator (5 bytes)
Event: 2441.570 Thread 0x000001772e9105b0 nmethod 20779 0x000001771f999108 code [0x000001771f999260, 0x000001771f999a38]
Event: 2441.570 Thread 0x000001772e0f9620 nmethod 20778 0x000001771f95d088 code [0x000001771f95d200, 0x000001771f95da80]
Event: 2441.575 Thread 0x000001772e9105b0 20781       4       org.gradle.api.internal.artifacts.ivyservice.resolveengine.graph.builder.ResolveState$$Lambda/0x000001773078a150::apply (20 bytes)
Event: 2441.575 Thread 0x000001772e0f9620 20782       4       org.gradle.api.internal.artifacts.ivyservice.resolveengine.graph.selectors.SelectorStateResolver::createAllRejects (120 bytes)
Event: 2441.576 Thread 0x000001772e9120f0 20784       3       org.gradle.api.internal.artifacts.repositories.metadata.DefaultMavenAttributesFactory::runtimeScope (28 bytes)
Event: 2441.577 Thread 0x000001772e9120f0 nmethod 20784 0x0000017718301208 code [0x00000177183013e0, 0x0000017718302098]
Event: 2441.577 Thread 0x000001772e9120f0 20785       3       com.esotericsoftware.kryo.io.Output::total (11 bytes)
Event: 2441.577 Thread 0x000001772e9120f0 nmethod 20785 0x0000017718998b08 code [0x0000017718998c20, 0x0000017718998d38]
Event: 2441.578 Thread 0x000001772e9120f0 20786       3       org.gradle.api.internal.artifacts.ivyservice.resolveengine.excludes.simple.DefaultExcludeEverything::equals (11 bytes)
Event: 2441.578 Thread 0x000001772e9120f0 nmethod 20786 0x000001771899dc88 code [0x000001771899dda0, 0x000001771899def8]
Event: 2441.578 Thread 0x000001772e0f9620 nmethod 20782 0x000001771fa6c888 code [0x000001771fa6c9c0, 0x000001771fa6cde8]
Event: 2441.578 Thread 0x000001772e0f9620 20783       4       org.gradle.api.internal.artifacts.ivyservice.resolveengine.graph.builder.ModuleResolveState::maybeUpdateSelection (108 bytes)

GC Heap History (20 events):
Event: 667.294 GC heap after
{Heap after GC invocations=48 (full 0):
 garbage-first heap   total reserved 3145728K, committed 1269760K, used 410005K [0x0000000740000000, 0x0000000800000000)
  region size 2048K, 5 young (10240K), 5 survivors (10240K)
 Metaspace       used 86642K, committed 89024K, reserved 1179648K
  class space    used 12333K, committed 13440K, reserved 1048576K
}
Event: 667.706 GC heap before
{Heap before GC invocations=49 (full 0):
 garbage-first heap   total reserved 3145728K, committed 915456K, used 911765K [0x0000000740000000, 0x0000000800000000)
  region size 2048K, 205 young (419840K), 5 survivors (10240K)
 Metaspace       used 86769K, committed 89152K, reserved 1179648K
  class space    used 12335K, committed 13440K, reserved 1048576K
}
Event: 667.733 GC heap after
{Heap after GC invocations=50 (full 0):
 garbage-first heap   total reserved 3145728K, committed 1060864K, used 393631K [0x0000000740000000, 0x0000000800000000)
  region size 2048K, 32 young (65536K), 32 survivors (65536K)
 Metaspace       used 86769K, committed 89152K, reserved 1179648K
  class space    used 12335K, committed 13440K, reserved 1048576K
}
Event: 1388.313 GC heap before
{Heap before GC invocations=50 (full 0):
 garbage-first heap   total reserved 3145728K, committed 1060864K, used 1044895K [0x0000000740000000, 0x0000000800000000)
  region size 2048K, 212 young (434176K), 32 survivors (65536K)
 Metaspace       used 87184K, committed 89536K, reserved 1179648K
  class space    used 12342K, committed 13440K, reserved 1048576K
}
Event: 1388.335 GC heap after
{Heap after GC invocations=51 (full 0):
 garbage-first heap   total reserved 3145728K, committed 1173504K, used 422303K [0x0000000740000000, 0x0000000800000000)
  region size 2048K, 27 young (55296K), 27 survivors (55296K)
 Metaspace       used 87184K, committed 89536K, reserved 1179648K
  class space    used 12342K, committed 13440K, reserved 1048576K
}
Event: 1388.339 GC heap before
{Heap before GC invocations=51 (full 0):
 garbage-first heap   total reserved 3145728K, committed 1173504K, used 428447K [0x0000000740000000, 0x0000000800000000)
  region size 2048K, 31 young (63488K), 27 survivors (55296K)
 Metaspace       used 87184K, committed 89536K, reserved 1179648K
  class space    used 12342K, committed 13440K, reserved 1048576K
}
Event: 1388.348 GC heap after
{Heap after GC invocations=52 (full 0):
 garbage-first heap   total reserved 3145728K, committed 1173504K, used 440735K [0x0000000740000000, 0x0000000800000000)
  region size 2048K, 6 young (12288K), 6 survivors (12288K)
 Metaspace       used 87184K, committed 89536K, reserved 1179648K
  class space    used 12342K, committed 13440K, reserved 1048576K
}
Event: 1388.483 GC heap before
{Heap before GC invocations=53 (full 0):
 garbage-first heap   total reserved 3145728K, committed 1173504K, used 714752K [0x0000000740000000, 0x0000000800000000)
  region size 2048K, 153 young (313344K), 6 survivors (12288K)
 Metaspace       used 87185K, committed 89536K, reserved 1179648K
  class space    used 12342K, committed 13440K, reserved 1048576K
}
Event: 1388.497 GC heap after
{Heap after GC invocations=54 (full 0):
 garbage-first heap   total reserved 3145728K, committed 1173504K, used 477184K [0x0000000740000000, 0x0000000800000000)
  region size 2048K, 20 young (40960K), 20 survivors (40960K)
 Metaspace       used 87185K, committed 89536K, reserved 1179648K
  class space    used 12342K, committed 13440K, reserved 1048576K
}
Event: 1665.629 GC heap before
{Heap before GC invocations=54 (full 0):
 garbage-first heap   total reserved 3145728K, committed 1173504K, used 1019904K [0x0000000740000000, 0x0000000800000000)
  region size 2048K, 170 young (348160K), 20 survivors (40960K)
 Metaspace       used 87421K, committed 89792K, reserved 1179648K
  class space    used 12345K, committed 13440K, reserved 1048576K
}
Event: 1665.667 GC heap after
{Heap after GC invocations=55 (full 0):
 garbage-first heap   total reserved 3145728K, committed 1230848K, used 583680K [0x0000000740000000, 0x0000000800000000)
  region size 2048K, 22 young (45056K), 22 survivors (45056K)
 Metaspace       used 87421K, committed 89792K, reserved 1179648K
  class space    used 12345K, committed 13440K, reserved 1048576K
}
Event: 1665.698 GC heap before
{Heap before GC invocations=55 (full 0):
 garbage-first heap   total reserved 3145728K, committed 1230848K, used 649216K [0x0000000740000000, 0x0000000800000000)
  region size 2048K, 55 young (112640K), 22 survivors (45056K)
 Metaspace       used 87421K, committed 89792K, reserved 1179648K
  class space    used 12345K, committed 13440K, reserved 1048576K
}
Event: 1665.718 GC heap after
{Heap after GC invocations=56 (full 0):
 garbage-first heap   total reserved 3145728K, committed 1230848K, used 629760K [0x0000000740000000, 0x0000000800000000)
  region size 2048K, 20 young (40960K), 20 survivors (40960K)
 Metaspace       used 87421K, committed 89792K, reserved 1179648K
  class space    used 12345K, committed 13440K, reserved 1048576K
}
Event: 2242.607 GC heap before
{Heap before GC invocations=57 (full 0):
 garbage-first heap   total reserved 3145728K, committed 1230848K, used 723968K [0x0000000740000000, 0x0000000800000000)
  region size 2048K, 140 young (286720K), 20 survivors (40960K)
 Metaspace       used 87462K, committed 89856K, reserved 1179648K
  class space    used 12347K, committed 13440K, reserved 1048576K
}
Event: 2242.625 GC heap after
{Heap after GC invocations=58 (full 0):
 garbage-first heap   total reserved 3145728K, committed 1230848K, used 481916K [0x0000000740000000, 0x0000000800000000)
  region size 2048K, 11 young (22528K), 11 survivors (22528K)
 Metaspace       used 87462K, committed 89856K, reserved 1179648K
  class space    used 12347K, committed 13440K, reserved 1048576K
}
Event: 2243.649 GC heap before
{Heap before GC invocations=58 (full 0):
 garbage-first heap   total reserved 3145728K, committed 1230848K, used 1110652K [0x0000000740000000, 0x0000000800000000)
  region size 2048K, 179 young (366592K), 11 survivors (22528K)
 Metaspace       used 87779K, committed 90112K, reserved 1179648K
  class space    used 12353K, committed 13440K, reserved 1048576K
}
Event: 2243.663 GC heap after
{Heap after GC invocations=59 (full 0):
 garbage-first heap   total reserved 3145728K, committed 1230848K, used 537322K [0x0000000740000000, 0x0000000800000000)
  region size 2048K, 23 young (47104K), 23 survivors (47104K)
 Metaspace       used 87779K, committed 90112K, reserved 1179648K
  class space    used 12353K, committed 13440K, reserved 1048576K
}
Event: 2243.709 GC heap before
{Heap before GC invocations=59 (full 0):
 garbage-first heap   total reserved 3145728K, committed 1230848K, used 666346K [0x0000000740000000, 0x0000000800000000)
  region size 2048K, 87 young (178176K), 23 survivors (47104K)
 Metaspace       used 87779K, committed 90112K, reserved 1179648K
  class space    used 12353K, committed 13440K, reserved 1048576K
}
Event: 2243.732 GC heap after
{Heap after GC invocations=60 (full 0):
 garbage-first heap   total reserved 3145728K, committed 1230848K, used 624640K [0x0000000740000000, 0x0000000800000000)
  region size 2048K, 24 young (49152K), 24 survivors (49152K)
 Metaspace       used 87779K, committed 90112K, reserved 1179648K
  class space    used 12353K, committed 13440K, reserved 1048576K
}
Event: 2441.579 GC heap before
{Heap before GC invocations=61 (full 0):
 garbage-first heap   total reserved 3145728K, committed 1230848K, used 667648K [0x0000000740000000, 0x0000000800000000)
  region size 2048K, 154 young (315392K), 24 survivors (49152K)
 Metaspace       used 88034K, committed 90368K, reserved 1179648K
  class space    used 12385K, committed 13504K, reserved 1048576K
}

Dll operation events (15 events):
Event: 0.007 Loaded shared library C:\Users\kkeip\.jdks\corretto-23.0.2\bin\java.dll
Event: 0.023 Loaded shared library C:\Users\kkeip\.jdks\corretto-23.0.2\bin\jsvml.dll
Event: 0.045 Loaded shared library C:\Users\kkeip\.jdks\corretto-23.0.2\bin\zip.dll
Event: 0.047 Loaded shared library C:\Users\kkeip\.jdks\corretto-23.0.2\bin\instrument.dll
Event: 0.050 Loaded shared library C:\Users\kkeip\.jdks\corretto-23.0.2\bin\net.dll
Event: 0.051 Loaded shared library C:\Users\kkeip\.jdks\corretto-23.0.2\bin\nio.dll
Event: 0.053 Loaded shared library C:\Users\kkeip\.jdks\corretto-23.0.2\bin\zip.dll
Event: 0.186 Loaded shared library C:\Users\kkeip\.jdks\corretto-23.0.2\bin\jimage.dll
Event: 0.251 Loaded shared library C:\Users\kkeip\.jdks\corretto-23.0.2\bin\verify.dll
Event: 0.313 Loaded shared library C:\Users\kkeip\.gradle\native\1def1411415f61bf3af743bc5b6707747c0891f09f0c88961ee8f79bc544acac\windows-amd64\native-platform.dll
Event: 0.321 Loaded shared library C:\Users\kkeip\.gradle\native\0.2.7\x86_64-windows-gnu\gradle-fileevents.dll
Event: 0.794 Loaded shared library C:\Users\kkeip\.jdks\corretto-23.0.2\bin\management.dll
Event: 0.796 Loaded shared library C:\Users\kkeip\.jdks\corretto-23.0.2\bin\management_ext.dll
Event: 0.871 Loaded shared library C:\Users\kkeip\.jdks\corretto-23.0.2\bin\extnet.dll
Event: 0.988 Loaded shared library C:\Users\kkeip\.jdks\corretto-23.0.2\bin\sunmscapi.dll

Deoptimization events (20 events):
Event: 2272.405 Thread 0x000001772e830b50 DEOPT PACKING pc=0x000001771fd60a54 sp=0x0000003b477fdaf0
Event: 2272.405 Thread 0x000001772e830b50 DEOPT UNPACKING pc=0x000001771ef97982 sp=0x0000003b477fd8c0 mode 2
Event: 2272.407 Thread 0x000001772e830b50 Uncommon trap: trap_request=0xffffffc6 fr.pc=0x000001771f9e629c relative=0x000000000000067c
Event: 2272.407 Thread 0x000001772e830b50 Uncommon trap: reason=bimorphic_or_optimized_type_check action=maybe_recompile pc=0x000001771f9e629c method=java.io.ObjectOutputStream$BlockDataOutputStream.drain()V @ 36 c2
Event: 2272.407 Thread 0x000001772e830b50 DEOPT PACKING pc=0x000001771f9e629c sp=0x0000003b477fdef0
Event: 2272.407 Thread 0x000001772e830b50 DEOPT UNPACKING pc=0x000001771ef97982 sp=0x0000003b477fdec0 mode 2
Event: 2272.409 Thread 0x000001772e830b50 Uncommon trap: trap_request=0xffffffc6 fr.pc=0x000001771f9e629c relative=0x000000000000067c
Event: 2272.409 Thread 0x000001772e830b50 Uncommon trap: reason=bimorphic_or_optimized_type_check action=maybe_recompile pc=0x000001771f9e629c method=java.io.ObjectOutputStream$BlockDataOutputStream.drain()V @ 36 c2
Event: 2272.409 Thread 0x000001772e830b50 DEOPT PACKING pc=0x000001771f9e629c sp=0x0000003b477fd970
Event: 2272.409 Thread 0x000001772e830b50 DEOPT UNPACKING pc=0x000001771ef97982 sp=0x0000003b477fd940 mode 2
Event: 2272.410 Thread 0x000001772e830b50 Uncommon trap: trap_request=0xffffffc6 fr.pc=0x000001771f9e629c relative=0x000000000000067c
Event: 2272.410 Thread 0x000001772e830b50 Uncommon trap: reason=bimorphic_or_optimized_type_check action=maybe_recompile pc=0x000001771f9e629c method=java.io.ObjectOutputStream$BlockDataOutputStream.drain()V @ 36 c2
Event: 2272.410 Thread 0x000001772e830b50 DEOPT PACKING pc=0x000001771f9e629c sp=0x0000003b477fd840
Event: 2272.410 Thread 0x000001772e830b50 DEOPT UNPACKING pc=0x000001771ef97982 sp=0x0000003b477fd810 mode 2
Event: 2272.410 Thread 0x000001772e830b50 Uncommon trap: trap_request=0xffffffc6 fr.pc=0x000001771f9e629c relative=0x000000000000067c
Event: 2272.410 Thread 0x000001772e830b50 Uncommon trap: reason=bimorphic_or_optimized_type_check action=maybe_recompile pc=0x000001771f9e629c method=java.io.ObjectOutputStream$BlockDataOutputStream.drain()V @ 36 c2
Event: 2272.410 Thread 0x000001772e830b50 DEOPT PACKING pc=0x000001771f9e629c sp=0x0000003b477fd710
Event: 2272.410 Thread 0x000001772e830b50 DEOPT UNPACKING pc=0x000001771ef97982 sp=0x0000003b477fd6e0 mode 2
Event: 2441.576 Thread 0x000001777b43ecd0 DEOPT PACKING pc=0x0000017718ed4a31 sp=0x0000003b477f7fe0
Event: 2441.576 Thread 0x000001777b43ecd0 DEOPT UNPACKING pc=0x000001771ef984c2 sp=0x0000003b477f7378 mode 0

Classes loaded (20 events):
Event: 18.033 Loading class java/util/concurrent/CompletableFuture$AsyncRun
Event: 18.034 Loading class java/util/concurrent/CompletableFuture$AsyncRun done
Event: 20.335 Loading class jdk/internal/math/FormattedFPDecimal
Event: 20.335 Loading class jdk/internal/math/FormattedFPDecimal done
Event: 2242.760 Loading class sun/security/x509/OCSPNoCheckExtension
Event: 2242.760 Loading class sun/security/x509/OCSPNoCheckExtension done
Event: 2272.385 Loading class java/lang/invoke/WrongMethodTypeException
Event: 2272.386 Loading class java/lang/invoke/WrongMethodTypeException done
Event: 2272.388 Loading class java/lang/Throwable$WrappedPrintWriter
Event: 2272.388 Loading class java/lang/Throwable$PrintStreamOrWriter
Event: 2272.388 Loading class java/lang/Throwable$PrintStreamOrWriter done
Event: 2272.388 Loading class java/lang/Throwable$WrappedPrintWriter done
Event: 2272.391 Loading class java/util/logging/LogRecord
Event: 2272.392 Loading class java/util/logging/LogRecord done
Event: 2272.414 Loading class java/io/NotSerializableException
Event: 2272.415 Loading class java/io/NotSerializableException done
Event: 2272.415 Loading class java/util/Collections$EmptyListIterator
Event: 2272.415 Loading class java/util/Collections$EmptyListIterator done
Event: 2272.441 Loading class java/net/UrlDeserializedState
Event: 2272.441 Loading class java/net/UrlDeserializedState done

Classes unloaded (0 events):
No events

Classes redefined (0 events):
No events

Internal exceptions (20 events):
Event: 2242.630 Thread 0x000001772e830b50 Exception <a 'sun/nio/fs/WindowsException'{0x00000007ffffc0d8}> (0x00000007ffffc0d8) 
thrown [s\src\hotspot\share\prims\jni.cpp, line 520]
Event: 2242.630 Thread 0x000001772e830b50 Exception <a 'sun/nio/fs/WindowsException'{0x00000007ffffd5a8}> (0x00000007ffffd5a8) 
thrown [s\src\hotspot\share\prims\jni.cpp, line 520]
Event: 2242.630 Thread 0x000001772e830b50 Exception <a 'sun/nio/fs/WindowsException'{0x00000007ffffea68}> (0x00000007ffffea68) 
thrown [s\src\hotspot\share\prims\jni.cpp, line 520]
Event: 2242.631 Thread 0x000001772e830b50 Exception <a 'sun/nio/fs/WindowsException'{0x00000007ffc00150}> (0x00000007ffc00150) 
thrown [s\src\hotspot\share\prims\jni.cpp, line 520]
Event: 2243.434 Thread 0x000001777cc00960 Exception <a 'java/lang/ClassNotFoundException'{0x0000000775a0e530}: SimpleTemplateScript5BeanInfo> (0x0000000775a0e530) 
thrown [s\src\hotspot\share\classfile\systemDictionary.cpp, line 313]
Event: 2243.434 Thread 0x000001777cc00960 Exception <a 'java/lang/ClassNotFoundException'{0x0000000775a19c48}: SimpleTemplateScript5Customizer> (0x0000000775a19c48) 
thrown [s\src\hotspot\share\classfile\systemDictionary.cpp, line 313]
Event: 2243.440 Thread 0x000001777cc00960 Exception <a 'java/lang/ClassNotFoundException'{0x0000000775ade548}: SimpleTemplateScript6BeanInfo> (0x0000000775ade548) 
thrown [s\src\hotspot\share\classfile\systemDictionary.cpp, line 313]
Event: 2243.440 Thread 0x000001777cc00960 Exception <a 'java/lang/ClassNotFoundException'{0x0000000775ae9eb0}: SimpleTemplateScript6Customizer> (0x0000000775ae9eb0) 
thrown [s\src\hotspot\share\classfile\systemDictionary.cpp, line 313]
Event: 2272.390 Thread 0x00000177782cbd40 Exception <a 'java/lang/NoSuchMethodError'{0x000000077b34bdc8}: static Lorg/gradle/internal/build/event/types/DefaultTaskFailureResult;.<clinit>()V> (0x000000077b34bdc8) 
thrown [s\src\hotspot\share\prims\jni.cpp, line 1111]
Event: 2272.390 Thread 0x00000177782cbd40 Exception <a 'java/lang/NoSuchMethodError'{0x000000077b03cca0}: static Lorg/gradle/internal/build/event/types/DefaultFailure;.<clinit>()V> (0x000000077b03cca0) 
thrown [s\src\hotspot\share\prims\jni.cpp, line 1111]
Event: 2272.392 Thread 0x000001772e830b50 Exception <a 'sun/nio/fs/WindowsException'{0x000000077b06a958}> (0x000000077b06a958) 
thrown [s\src\hotspot\share\prims\jni.cpp, line 520]
Event: 2272.440 Thread 0x000001772ead49a0 Exception <a 'java/lang/NoSuchMethodError'{0x000000077a60b3b8}: static Lorg/gradle/tooling/internal/provider/serialization/ClassLoaderDetails;.<clinit>()V> (0x000000077a60b3b8) 
thrown [s\src\hotspot\share\prims\jni.cpp, line 1111]
Event: 2272.441 Thread 0x000001772ead49a0 Exception <a 'java/lang/NoSuchMethodError'{0x000000077a6187d8}: static Lorg/gradle/tooling/internal/provider/serialization/WellKnownClassLoaderRegistry$KnownClassLoaderSpec;.<clinit>()V> (0x000000077a6187d8) 
thrown [s\src\hotspot\share\prims\jni.cpp, line 1111]
Event: 2272.441 Thread 0x000001772ead49a0 Exception <a 'java/lang/NoSuchMethodError'{0x000000077a619f50}: static Lorg/gradle/internal/classloader/ClassLoaderSpec;.<clinit>()V> (0x000000077a619f50) 
thrown [s\src\hotspot\share\prims\jni.cpp, line 1111]
Event: 2272.441 Thread 0x000001772ead49a0 Exception <a 'java/lang/NoSuchMethodError'{0x000000077a6275a8}: static Lorg/gradle/internal/classloader/ClassLoaderSpec;.<clinit>()V> (0x000000077a6275a8) 
thrown [s\src\hotspot\share\prims\jni.cpp, line 1111]
Event: 2272.441 Thread 0x000001772ead49a0 Exception <a 'java/lang/NoSuchMethodError'{0x000000077a630d20}: static Lorg/gradle/internal/classloader/VisitableURLClassLoader$Spec;.<clinit>()V> (0x000000077a630d20) 
thrown [s\src\hotspot\share\prims\jni.cpp, line 1111]
Event: 2441.138 Thread 0x000001777b43ecd0 Exception <a 'sun/nio/fs/WindowsException'{0x00000007796009d0}> (0x00000007796009d0) 
thrown [s\src\hotspot\share\prims\jni.cpp, line 520]
Event: 2441.138 Thread 0x000001777b43ecd0 Exception <a 'sun/nio/fs/WindowsException'{0x0000000779601ea0}> (0x0000000779601ea0) 
thrown [s\src\hotspot\share\prims\jni.cpp, line 520]
Event: 2441.138 Thread 0x000001777b43ecd0 Exception <a 'sun/nio/fs/WindowsException'{0x0000000779603360}> (0x0000000779603360) 
thrown [s\src\hotspot\share\prims\jni.cpp, line 520]
Event: 2441.139 Thread 0x000001777b43ecd0 Exception <a 'sun/nio/fs/WindowsException'{0x0000000779604800}> (0x0000000779604800) 
thrown [s\src\hotspot\share\prims\jni.cpp, line 520]

VM Operations (20 events):
Event: 2242.625 Executing VM operation: G1CollectForAllocation (G1 Evacuation Pause) done
Event: 2243.649 Executing VM operation: G1CollectForAllocation (G1 Evacuation Pause)
Event: 2243.663 Executing VM operation: G1CollectForAllocation (G1 Evacuation Pause) done
Event: 2243.709 Executing VM operation: G1TryInitiateConcMark (G1 Humongous Allocation)
Event: 2243.732 Executing VM operation: G1TryInitiateConcMark (G1 Humongous Allocation) done
Event: 2243.779 Executing VM operation: G1PauseRemark
Event: 2243.781 Executing VM operation: G1PauseRemark done
Event: 2243.804 Executing VM operation: G1PauseCleanup
Event: 2243.804 Executing VM operation: G1PauseCleanup done
Event: 2272.398 Executing VM operation: HandshakeAllThreads (Deoptimize)
Event: 2272.398 Executing VM operation: HandshakeAllThreads (Deoptimize) done
Event: 2272.407 Executing VM operation: HandshakeAllThreads (Deoptimize)
Event: 2272.407 Executing VM operation: HandshakeAllThreads (Deoptimize) done
Event: 2272.410 Executing VM operation: HandshakeAllThreads (Deoptimize)
Event: 2272.410 Executing VM operation: HandshakeAllThreads (Deoptimize) done
Event: 2284.310 Executing VM operation: HandshakeAllThreads (HandshakeForDeflation)
Event: 2284.310 Executing VM operation: HandshakeAllThreads (HandshakeForDeflation) done
Event: 2284.310 Executing VM operation: RendezvousGCThreads
Event: 2284.310 Executing VM operation: RendezvousGCThreads done
Event: 2441.579 Executing VM operation: G1CollectForAllocation (G1 Evacuation Pause)

Memory protections (0 events):
No events

Nmethod flushes (20 events):
Event: 2243.781 Thread 0x000001772e0d2080 flushing  nmethod 0x0000017718fc8f08
Event: 2243.781 Thread 0x000001772e0d2080 flushing  nmethod 0x0000017717b0e888
Event: 2243.781 Thread 0x000001772e0d2080 flushing  nmethod 0x0000017717cc7f88
Event: 2243.781 Thread 0x000001772e0d2080 flushing  nmethod 0x0000017717dcdf08
Event: 2243.781 Thread 0x000001772e0d2080 flushing  nmethod 0x0000017717ecc288
Event: 2243.781 Thread 0x000001772e0d2080 flushing  nmethod 0x0000017717f84108
Event: 2243.781 Thread 0x000001772e0d2080 flushing  nmethod 0x0000017718059088
Event: 2243.781 Thread 0x000001772e0d2080 flushing  nmethod 0x0000017718059588
Event: 2243.781 Thread 0x000001772e0d2080 flushing  nmethod 0x000001771805be08
Event: 2243.781 Thread 0x000001772e0d2080 flushing  nmethod 0x000001771844ee08
Event: 2243.781 Thread 0x000001772e0d2080 flushing  nmethod 0x0000017718934508
Event: 2243.781 Thread 0x000001772e0d2080 flushing  nmethod 0x0000017718935b88
Event: 2243.781 Thread 0x000001772e0d2080 flushing  nmethod 0x0000017718d7bf88
Event: 2243.781 Thread 0x000001772e0d2080 flushing  nmethod 0x0000017717b6e188
Event: 2243.781 Thread 0x000001772e0d2080 flushing  nmethod 0x0000017718231308
Event: 2243.781 Thread 0x000001772e0d2080 flushing  nmethod 0x00000177184f5d88
Event: 2243.781 Thread 0x000001772e0d2080 flushing  nmethod 0x00000177188eb788
Event: 2243.781 Thread 0x000001772e0d2080 flushing  nmethod 0x00000177188ecb08
Event: 2243.781 Thread 0x000001772e0d2080 flushing  nmethod 0x0000017718a48d88
Event: 2243.781 Thread 0x000001772e0d2080 flushing  nmethod 0x0000017718b28c08

Events (20 events):
Event: 2441.510 Thread 0x000001772e910c80 Thread exited: 0x000001772e910c80
Event: 2441.511 Thread 0x000001772e90f810 Thread exited: 0x000001772e90f810
Event: 2441.513 Thread 0x000001772e9105b0 Thread exited: 0x000001772e9105b0
Event: 2441.521 Thread 0x000001777b43ecd0 Thread added: 0x000001772e830b50
Event: 2441.527 Thread 0x000001772e9120f0 Thread added: 0x000001772e9105b0
Event: 2441.578 Thread 0x000001777b43ecd0 Thread added: 0x000001772e82fe30
Event: 2441.578 Thread 0x000001777b43ecd0 Thread added: 0x000001772e8311e0
Event: 2441.578 Thread 0x000001777b43ecd0 Thread added: 0x000001772e8304c0
Event: 2441.579 Thread 0x000001777b43ecd0 Thread added: 0x0000017774e2c670
Event: 2441.579 Thread 0x000001777b43ecd0 Thread added: 0x000001777544b2f0
Event: 2441.579 Thread 0x000001777b43ecd0 Thread added: 0x000001777544b980
Event: 2441.579 Thread 0x000001777b43ecd0 Thread added: 0x0000017775448b90
Event: 2441.579 Thread 0x000001777b43ecd0 Thread added: 0x000001777544c010
Event: 2441.579 Thread 0x000001777b43ecd0 Thread added: 0x000001777a922fe0
Event: 2441.579 Thread 0x000001777b43ecd0 Thread added: 0x000001777a922950
Event: 2441.579 Thread 0x000001777b43ecd0 Thread added: 0x000001777a9222c0
Event: 2441.579 Thread 0x000001777b43ecd0 Thread added: 0x000001777a923670
Event: 2441.579 Thread 0x000001777b43ecd0 Thread added: 0x000001777a923d00
Event: 2441.579 Thread 0x000001777b43ecd0 Thread added: 0x000001777a920880
Event: 2441.579 Thread 0x000001777b43ecd0 Thread added: 0x000001777a920f10


Dynamic libraries:
0x00007ff770e40000 - 0x00007ff770e4e000 	C:\Users\kkeip\.jdks\corretto-23.0.2\bin\java.exe
0x00007ffae5a20000 - 0x00007ffae5c86000 	C:\WINDOWS\SYSTEM32\ntdll.dll
0x00007ffae5400000 - 0x00007ffae54c9000 	C:\WINDOWS\System32\KERNEL32.DLL
0x00007ffae3390000 - 0x00007ffae378a000 	C:\WINDOWS\System32\KERNELBASE.dll
0x00007ffae2d60000 - 0x00007ffae2eac000 	C:\WINDOWS\System32\ucrtbase.dll
0x00007ffab4440000 - 0x00007ffab4457000 	C:\Users\kkeip\.jdks\corretto-23.0.2\bin\jli.dll
0x00007ffab37c0000 - 0x00007ffab37db000 	C:\Users\kkeip\.jdks\corretto-23.0.2\bin\VCRUNTIME140.dll
0x00007ffae55b0000 - 0x00007ffae5777000 	C:\WINDOWS\System32\USER32.dll
0x00007ffae32d0000 - 0x00007ffae32f7000 	C:\WINDOWS\System32\win32u.dll
0x00007ffae54d0000 - 0x00007ffae54fb000 	C:\WINDOWS\System32\GDI32.dll
0x00007ffae30f0000 - 0x00007ffae321b000 	C:\WINDOWS\System32\gdi32full.dll
0x00007ffae1db0000 - 0x00007ffae2042000 	C:\WINDOWS\WinSxS\amd64_microsoft.windows.common-controls_6595b64144ccf1df_6.0.26100.8521_none_3e08b75ce33403b3\COMCTL32.dll
0x00007ffae2cb0000 - 0x00007ffae2d53000 	C:\WINDOWS\System32\msvcp_win.dll
0x00007ffae5350000 - 0x00007ffae53f9000 	C:\WINDOWS\System32\msvcrt.dll
0x00007ffae3960000 - 0x00007ffae3992000 	C:\WINDOWS\System32\IMM32.DLL
0x00007ffac11b0000 - 0x00007ffac11bc000 	C:\Users\kkeip\.jdks\corretto-23.0.2\bin\vcruntime140_1.dll
0x00007ffab3730000 - 0x00007ffab37bd000 	C:\Users\kkeip\.jdks\corretto-23.0.2\bin\msvcp140.dll
0x00007ff9e1410000 - 0x00007ff9e21e8000 	C:\Users\kkeip\.jdks\corretto-23.0.2\bin\server\jvm.dll
0x00007ffae57d0000 - 0x00007ffae5886000 	C:\WINDOWS\System32\ADVAPI32.dll
0x00007ffae5500000 - 0x00007ffae55aa000 	C:\WINDOWS\System32\sechost.dll
0x00007ffae3830000 - 0x00007ffae3948000 	C:\WINDOWS\System32\RPCRT4.dll
0x00007ffae52c0000 - 0x00007ffae5340000 	C:\WINDOWS\System32\WS2_32.dll
0x00007ffae2960000 - 0x00007ffae29be000 	C:\WINDOWS\SYSTEM32\POWRPROF.dll
0x00007ffad0100000 - 0x00007ffad0136000 	C:\WINDOWS\SYSTEM32\WINMM.dll
0x00007ffada270000 - 0x00007ffada27b000 	C:\WINDOWS\SYSTEM32\VERSION.dll
0x00007ffae2940000 - 0x00007ffae2954000 	C:\WINDOWS\SYSTEM32\UMPDC.dll
0x00007ffae1110000 - 0x00007ffae112b000 	C:\WINDOWS\SYSTEM32\kernel.appcore.dll
0x00007ffab7310000 - 0x00007ffab731a000 	C:\Users\kkeip\.jdks\corretto-23.0.2\bin\jimage.dll
0x00007ffae24d0000 - 0x00007ffae2712000 	C:\WINDOWS\SYSTEM32\DBGHELP.DLL
0x00007ffae46b0000 - 0x00007ffae4a33000 	C:\WINDOWS\System32\combase.dll
0x00007ffae4ec0000 - 0x00007ffae4f99000 	C:\WINDOWS\System32\OLEAUT32.dll
0x00007ffae23c0000 - 0x00007ffae23fb000 	C:\WINDOWS\SYSTEM32\dbgcore.DLL
0x00007ffae3220000 - 0x00007ffae32c8000 	C:\WINDOWS\System32\bcryptPrimitives.dll
0x00007ffab7130000 - 0x00007ffab713e000 	C:\Users\kkeip\.jdks\corretto-23.0.2\bin\instrument.dll
0x00007ffab3710000 - 0x00007ffab372e000 	C:\Users\kkeip\.jdks\corretto-23.0.2\bin\java.dll
0x00007ffae4a40000 - 0x00007ffae4bd8000 	C:\WINDOWS\System32\ole32.dll
0x00007ffae39a0000 - 0x00007ffae4124000 	C:\WINDOWS\System32\SHELL32.dll
0x00007ffadfe40000 - 0x00007ffae06c0000 	C:\WINDOWS\SYSTEM32\windows.storage.dll
0x00007ffae4fa0000 - 0x00007ffae5096000 	C:\WINDOWS\System32\SHCORE.dll
0x00007ffae37c0000 - 0x00007ffae3827000 	C:\WINDOWS\System32\shlwapi.dll
0x00007ffae2bd0000 - 0x00007ffae2bf9000 	C:\WINDOWS\SYSTEM32\profapi.dll
0x00007ffab3630000 - 0x00007ffab3707000 	C:\Users\kkeip\.jdks\corretto-23.0.2\bin\jsvml.dll
0x00007ffab3610000 - 0x00007ffab3627000 	C:\Users\kkeip\.jdks\corretto-23.0.2\bin\zip.dll
0x00007ffab6b30000 - 0x00007ffab6b40000 	C:\Users\kkeip\.jdks\corretto-23.0.2\bin\net.dll
0x00007ffae1640000 - 0x00007ffae16ac000 	C:\WINDOWS\system32\mswsock.dll
0x00007ffab35f0000 - 0x00007ffab3606000 	C:\Users\kkeip\.jdks\corretto-23.0.2\bin\nio.dll
0x00007ffab6a00000 - 0x00007ffab6a10000 	C:\Users\kkeip\.jdks\corretto-23.0.2\bin\verify.dll
0x00007ffac11c0000 - 0x00007ffac11e7000 	C:\Users\kkeip\.gradle\native\1def1411415f61bf3af743bc5b6707747c0891f09f0c88961ee8f79bc544acac\windows-amd64\native-platform.dll
0x00007ffaac770000 - 0x00007ffaac7e8000 	C:\Users\kkeip\.gradle\native\0.2.7\x86_64-windows-gnu\gradle-fileevents.dll
0x00007ffab6670000 - 0x00007ffab6679000 	C:\Users\kkeip\.jdks\corretto-23.0.2\bin\management.dll
0x00007ffab64f0000 - 0x00007ffab64fb000 	C:\Users\kkeip\.jdks\corretto-23.0.2\bin\management_ext.dll
0x00007ffae3950000 - 0x00007ffae3958000 	C:\WINDOWS\System32\PSAPI.DLL
0x00007ffae0b50000 - 0x00007ffae0b83000 	C:\WINDOWS\SYSTEM32\IPHLPAPI.DLL
0x00007ffae50c0000 - 0x00007ffae50ca000 	C:\WINDOWS\System32\NSI.dll
0x00007ffab6270000 - 0x00007ffab6279000 	C:\Users\kkeip\.jdks\corretto-23.0.2\bin\extnet.dll
0x00007ffae2840000 - 0x00007ffae285b000 	C:\WINDOWS\SYSTEM32\CRYPTSP.dll
0x00007ffae1780000 - 0x00007ffae17b9000 	C:\WINDOWS\system32\rsaenh.dll
0x00007ffae16f0000 - 0x00007ffae1723000 	C:\WINDOWS\SYSTEM32\USERENV.dll
0x00007ffae2ba0000 - 0x00007ffae2bca000 	C:\WINDOWS\SYSTEM32\bcrypt.dll
0x00007ffae1990000 - 0x00007ffae199c000 	C:\WINDOWS\SYSTEM32\CRYPTBASE.dll
0x00007ffab6220000 - 0x00007ffab622e000 	C:\Users\kkeip\.jdks\corretto-23.0.2\bin\sunmscapi.dll
0x00007ffae2f70000 - 0x00007ffae30e8000 	C:\WINDOWS\System32\CRYPT32.dll
0x00007ffae1d70000 - 0x00007ffae1da0000 	C:\WINDOWS\SYSTEM32\ncrypt.dll
0x00007ffae1d20000 - 0x00007ffae1d5f000 	C:\WINDOWS\SYSTEM32\NTASN1.dll
0x00007ffa0b790000 - 0x00007ffa0b798000 	C:\WINDOWS\system32\wshunix.dll
0x00007ffae0b90000 - 0x00007ffae0cda000 	C:\WINDOWS\SYSTEM32\DNSAPI.dll
0x00007ffae1440000 - 0x00007ffae144d000 	C:\WINDOWS\SYSTEM32\DSPARSE.dll
0x0000000052700000 - 0x0000000052726000 	C:\Program Files\Bonjour\mdnsNSP.dll
0x00007ffad9e60000 - 0x00007ffad9e6b000 	C:\Windows\System32\rasadhlp.dll
0x00007ffad8700000 - 0x00007ffad8786000 	C:\WINDOWS\System32\fwpuclnt.dll

dbghelp: loaded successfully - version: 4.0.5 - missing functions: none
symbol engine: initialized successfully - sym options: 0x614 - pdb path: .;C:\Users\kkeip\.jdks\corretto-23.0.2\bin;C:\WINDOWS\SYSTEM32;C:\WINDOWS\WinSxS\amd64_microsoft.windows.common-controls_6595b64144ccf1df_6.0.26100.8521_none_3e08b75ce33403b3;C:\Users\kkeip\.jdks\corretto-23.0.2\bin\server;C:\Users\kkeip\.gradle\native\1def1411415f61bf3af743bc5b6707747c0891f09f0c88961ee8f79bc544acac\windows-amd64;C:\Users\kkeip\.gradle\native\0.2.7\x86_64-windows-gnu;C:\Program Files\Bonjour

VM Arguments:
jvm_args: --add-opens=java.base/java.lang=ALL-UNNAMED --add-opens=java.base/java.lang.invoke=ALL-UNNAMED --add-opens=java.base/java.util=ALL-UNNAMED --add-opens=java.prefs/java.util.prefs=ALL-UNNAMED --add-exports=jdk.compiler/com.sun.tools.javac.api=ALL-UNNAMED --add-exports=jdk.compiler/com.sun.tools.javac.util=ALL-UNNAMED --add-opens=java.base/java.util=ALL-UNNAMED --add-opens=java.prefs/java.util.prefs=ALL-UNNAMED --add-opens=java.base/java.nio.charset=ALL-UNNAMED --add-opens=java.base/java.net=ALL-UNNAMED --add-opens=java.base/java.util.concurrent.atomic=ALL-UNNAMED --add-opens=java.xml/javax.xml.namespace=ALL-UNNAMED -Xmx3G -Dfile.encoding=UTF-8 -Duser.country=US -Duser.language=en -Duser.variant -javaagent:C:\Users\kkeip\.gradle\wrapper\dists\gradle-8.14.4-bin\92wwslzcyst3phie3o264zltu\gradle-8.14.4\lib\agents\gradle-instrumentation-agent-8.14.4.jar 
java_command: org.gradle.launcher.daemon.bootstrap.GradleDaemon 8.14.4
java_class_path (initial): C:\Users\kkeip\.gradle\wrapper\dists\gradle-8.14.4-bin\92wwslzcyst3phie3o264zltu\gradle-8.14.4\lib\gradle-daemon-main-8.14.4.jar
Launcher Type: SUN_STANDARD

[Global flags]
     intx CICompilerCount                          = 12                                        {product} {ergonomic}
     uint ConcGCThreads                            = 3                                         {product} {ergonomic}
     uint G1ConcRefinementThreads                  = 13                                        {product} {ergonomic}
   size_t G1HeapRegionSize                         = 2097152                                   {product} {ergonomic}
   size_t InitialHeapSize                          = 524288000                                 {product} {ergonomic}
   size_t MarkStackSize                            = 4194304                                   {product} {ergonomic}
   size_t MarkStackSizeMax                         = 536870912                                 {product} {ergonomic}
   size_t MaxHeapSize                              = 3221225472                                {product} {command line}
   size_t MaxNewSize                               = 1931476992                                {product} {ergonomic}
   size_t MinHeapDeltaBytes                        = 2097152                                   {product} {ergonomic}
   size_t MinHeapSize                              = 8388608                                   {product} {ergonomic}
    uintx NonNMethodCodeHeapSize                   = 7602176                                {pd product} {ergonomic}
    uintx NonProfiledCodeHeapSize                  = 122093568                              {pd product} {ergonomic}
    uintx ProfiledCodeHeapSize                     = 121962496                              {pd product} {ergonomic}
    uintx ReservedCodeCacheSize                    = 251658240                              {pd product} {ergonomic}
     bool SegmentedCodeCache                       = true                                      {product} {ergonomic}
   size_t SoftMaxHeapSize                          = 3221225472                             {manageable} {ergonomic}
     bool UseCompressedOops                        = true                           {product lp64_product} {ergonomic}
     bool UseG1GC                                  = true                                      {product} {ergonomic}
     bool UseLargePagesIndividualAllocation        = false                                  {pd product} {ergonomic}

Logging:
Log output configuration:
 #0: stdout all=warning uptime,level,tags foldmultilines=false
 #1: stderr all=off uptime,level,tags foldmultilines=false

Environment Variables:
PATH=C:\Program Files\Eclipse Adoptium\jdk-17.0.19.10-hotspot\bin;C:\WINDOWS\system32;C:\WINDOWS;C:\WINDOWS\System32\Wbem;C:\WINDOWS\System32\WindowsPowerShell\v1.0\;C:\WINDOWS\System32\OpenSSH\;C:\Program Files\dotnet\;C:\Program Files\NVIDIA Corporation\NVIDIA App\NvDLISR;C:\Program Files (x86)\NVIDIA Corporation\PhysX\Common;C:\Program Files\Git\cmd;C:\Users\kkeip\AppData\Local\Microsoft\WindowsApps;C:\Users\kkeip\AppData\Local\Programs\Microsoft VS Code\bin
USERNAME=kkeip
OS=Windows_NT
PROCESSOR_IDENTIFIER=AMD64 Family 25 Model 97 Stepping 2, AuthenticAMD
TMP=C:\Users\kkeip\AppData\Local\Temp
TEMP=C:\Users\kkeip\AppData\Local\Temp




Periodic native trim disabled

---------------  S Y S T E M  ---------------

OS:
 Windows 11 , 64 bit Build 26100 (10.0.26100.8521)
OS uptime: 1 days 4:20 hours

CPU: total 16 (initial active 16) (16 cores per cpu, 2 threads per core) family 25 model 97 stepping 2 microcode 0xa60120c, cx8, cmov, fxsr, ht, mmx, 3dnowpref, sse, sse2, sse3, ssse3, sse4a, sse4.1, sse4.2, popcnt, lzcnt, tsc, tscinvbit, avx, avx2, aes, erms, clmul, bmi1, bmi2, adx, avx512f, avx512dq, avx512cd, avx512bw, avx512vl, sha, fma, vzeroupper, avx512_vpopcntdq, avx512_vpclmulqdq, avx512_vaes, avx512_vnni, clflush, clflushopt, avx512_vbmi2, avx512_vbmi, rdtscp, rdpid, fsrm, gfni, avx512_bitalg, f16c, pku, cet_ss, avx512_ifma
Processor Information for the first 16 processors :
  Max Mhz: 4201, Current Mhz: 4201, Mhz Limit: 4201

Memory: 4k page, system-wide physical 31905M (17034M free)
TotalPageFile size 40609M (AvailPageFile size 18454M)
current process WorkingSet (physical memory assigned to process): 1520M, peak: 1603M
current process commit charge ("private bytes"): 1638M, peak: 1693M

vm_info: OpenJDK 64-Bit Server VM (23.0.2+7-FR) for windows-amd64 JRE (23.0.2+7-FR), built on 2025-01-07T22:59:58Z with MS VC++ 16.10 / 16.11 (VS2019)

END.
